obs_wl_vac(nm),ritz_wl_vac(nm),intens,Aki(s^-1),Acc,Ei(cm-1),Ek(cm-1),conf_i,term_i,J_i,conf_k,term_k,J_k,Type,tp_ref,line_ref
125.528,,10,,,,,,,,,,,E1,,L3521
125.649,,40,,,,,,,,,,,E1,,L3521
125.88,,50,,,,,,,,,,,E1,,L3521
157.387,,50,,,,,,,,,,,E1,,L3521
157.482,,50,,,,,,,,,,,E1,,L3521
,158.9173,,44400000.0,E,0.0,62925.8,3s2.3p2,3P,0,3s2.3p.6d,3D*,1,E1,T6066LS,
,159.1123,,33200000.0,E,77.115,62925.8,3s2.3p2,3P,1,3s2.3p.6d,3D*,1,E1,T6066LS,
159.241,,50,,,,,,,,,,,E1,,L3521
159.455,,150,,,,,,,,,,,E1,,L3521
,159.4566,,79100000.0,D,223.157,62936.14,3s2.3p2,3P,2,3s2.3p.6d,3D*,3,E1,T6066LS,
,159.4829,,2190000.0,E,223.157,62925.8,3s2.3p2,3P,2,3s2.3p.6d,3D*,1,E1,T6066LS,
159.493,,50,,,,,,,,,,,E1,,L3521
,159.495,,59200000.0,E,77.115,62774.99,3s2.3p2,3P,1,3s2.3p.6d,3D*,2,E1,T6066LS,
159.795,,30,,,,,,,,,,,E1,,L3521
,159.8674,,19600000.0,E,223.157,62774.99,3s2.3p2,3P,2,3s2.3p.6d,3D*,2,E1,T6066LS,
162.287,,100,,,,,,,,,,,E1,,L3521
162.571,162.5705,30,71600000.0,E,0.0,61511.77,3s2.3p2,3P,0,3s2.3p.5d,3D*,1,E1,T8363,L3521
,162.7746,,53400000.0,E,77.115,61511.77,3s2.3p2,3P,1,3s2.3p.5d,3D*,1,E1,T8363,
162.943,162.9441,300,87300000.0,C,77.115,61447.86,3s2.3p2,3P,1,3s2.3p.5d,3D*,2,E1,T5071,L3521
162.992,,200,,,,,,,,,,,E1,,L3521
,162.99478,,211000000.0,C,223.157,61574.814,3s2.3p2,3P,2,3s2.3p.5d,3D*,3,E1,T5071,
163.113,,75,,,,,,,,,,,E1,,L3521
,163.1624,,3540000.0,E,223.157,61511.77,3s2.3p2,3P,2,3s2.3p.5d,3D*,1,E1,T8363,
,163.3328,,11200000.0,D,223.157,61447.86,3s2.3p2,3P,2,3s2.3p.5d,3D*,2,E1,T5071,
163.398,,50,,,,,,,,,,,E1,,L3521
165.335,,30w,,,,,,,,,,,E1,,L3521
,166.04746,,7670000.0,D,77.115,60300.86,3s2.3p2,3P,1,3s2.3p.5d,1D*,2,E1,T5071,
166.452,,30,,,,,,,,,,,E1,,L3521
166.637,166.63762,50,17500000.0,D,0.0,60010.458,3s2.3p2,3P,0,3s2.3p.nd,a 3P*,1,E1,T5071,L3521
166.762,166.7629,100,82700000.0,E,77.115,60042.5,3s2.3p2,3P,1,3s2.3p.nd,a 3P*,0,E1,T8363,L3521
166.852,166.85203,100,25800000.0,D,77.115,60010.458,3s2.3p2,3P,1,3s2.3p.nd,a 3P*,1,E1,T5071,L3521
,167.11168,,8300000.0,D,77.115,59917.336,3s2.3p2,3P,1,3s2.3p.nd,a 3P*,2,E1,T5071,
167.259,167.2596,100,30900000.0,D+,223.157,60010.458,3s2.3p2,3P,2,3s2.3p.nd,a 3P*,1,E1,T5071,L3521
167.52,167.52052,200,64100000.0,C,223.157,59917.336,3s2.3p2,3P,2,3s2.3p.nd,a 3P*,2,E1,T5071,L3521
168.268,,30,,,,,,,,,,,E1,,L3521
168.682,,30,,,,,,,,,,,E1,,L3521
168.929,,50w,,,,,,,,,,,E1,,L3521
,168.9444,,22.0,D,0.0,59191.072,3s2.3p2,3P,0,3s2.3p.(2P*<3/2>).4f,2[3/2],2,E2,T5785,
169.079,,30w,,,,,,,,,,,E1,,L3521
,169.16479,,4.38,D,77.115,59191.072,3s2.3p2,3P,1,3s2.3p.(2P*<3/2>).4f,2[3/2],2,E2,T5785,
,169.1665,,86.2,D+,77.115,59190.46,3s2.3p2,3P,1,3s2.3p.(2P*<3/2>).4f,2[3/2],1,E2,T5785,
,169.17356,,0.0131,E,0.0,59110.892,3s2.3p2,3P,0,3s2.3p.(2P*<3/2>).4f,2[5/2],2,E2,T5785,
169.329,169.32935,50,67500000.0,D+,0.0,59056.508,3s2.3p2,3P,0,3s2.3p.4d,3D*,1,E1,T5071,L3521
,169.39455,,32.0,D+,77.115,59110.892,3s2.3p2,3P,1,3s2.3p.(2P*<3/2>).4f,2[5/2],2,E2,T5785,
,169.39723,,4.31,D,77.115,59109.959,3s2.3p2,3P,1,3s2.3p.(2P*<3/2>).4f,2[5/2],3,E2,T5785,
169.551,169.55074,50,39700000.0,D+,77.115,59056.508,3s2.3p2,3P,1,3s2.3p.4d,3D*,1,E1,T5071,L3521
,169.58375,,35.5,D+,223.157,59191.072,3s2.3p2,3P,2,3s2.3p.(2P*<3/2>).4f,2[3/2],2,E2,T5785,
,169.5855,,28.4,D,223.157,59190.46,3s2.3p2,3P,2,3s2.3p.(2P*<3/2>).4f,2[3/2],1,E2,T5785,
,169.61263,,19.7,D,77.115,59034.988,3s2.3p2,3P,1,3s2.3p.(2P*<3/2>).4f,2[7/2],3,E2,T5785,
169.62,169.6207,200,122000000.0,C,77.115,59032.19,3s2.3p2,3P,1,3s2.3p.4d,3D*,2,E1,T5071,L3521
169.794,169.7941,200,138000000.0,C,223.157,59118.03,3s2.3p2,3P,2,3s2.3p.4d,3D*,3,E1,T5071,L3521
,169.81465,,40.9,D+,223.157,59110.892,3s2.3p2,3P,2,3s2.3p.(2P*<3/2>).4f,2[5/2],2,E2,T5785,
,169.81734,,104.0,D+,223.157,59109.959,3s2.3p2,3P,2,3s2.3p.(2P*<3/2>).4f,2[5/2],3,E2,T5785,
,169.97162,,1800000.0,E,223.157,59056.508,3s2.3p2,3P,2,3s2.3p.4d,3D*,1,E1,T5071,
,170.03382,,9.65,D,223.157,59034.988,3s2.3p2,3P,2,3s2.3p.(2P*<3/2>).4f,2[7/2],3,E2,T5785,
170.042,170.0419,50,31200000.0,D+,223.157,59032.19,3s2.3p2,3P,2,3s2.3p.4d,3D*,2,E1,T5071,L3521
170.063,170.0636,30,30600000.0,D+,0.0,58801.529,3s2.3p2,3P,0,3s2.3p.4d,1P*,1,E1,T5071,L3521
170.286,170.28693,30,18800000.0,D,77.115,58801.529,3s2.3p2,3P,1,3s2.3p.4d,1P*,1,E1,T5071,L3521
170.443,170.4442,50,26100000.0,D+,223.157,58893.4,3s2.3p2,3P,2,3s2.3p.4d,1F*,3,E1,T5071,L3521
,170.71147,,1210000.0,E,223.157,58801.529,3s2.3p2,3P,2,3s2.3p.4d,1P*,1,E1,T5071,
174.388,,30w,,,,,,,,,,,E1,,L3521
174.74,,50,,,,,,,,,,,E1,,L3521
175.311,,30w,,,,,,,,,,,E1,,L3521
176.366,,50,,,,,,,,,,,E1,,L3521
176.503,,40,,,,,,,,,,,E1,,L3521
176.56,,30w,,,,,,,,,,,E1,,L3521
176.606,,30,,,,,,,,,,,E1,,L3521
,176.9786,,26500000.0,D+,6298.85,62802.86,3s2.3p2,1D,2,3s2.3p.6d,1F*,3,E1,T5071,
177.063,,30,,,,,,,,,,,E1,,L3521
177.092,,100w,,,,,,,,,,,E1,,L3521
,177.22254,,239000.0,E,77.115,56503.346,3s2.3p2,3P,1,3s2.3p.4d,1D*,2,E1,T5071,
177.683,177.68242,100w,5830000.0,D,223.157,56503.346,3s2.3p2,3P,2,3s2.3p.4d,1D*,2,E1,T5071,L3521
178.323,,50w,,,,,,,,,,,E1,,L3521
179.912,,100w,,,,,,,,,,,E1,,L3521
180.909,180.91046,50w,68300000.0,C,6298.85,61574.814,3s2.3p2,1D,2,3s2.3p.5d,3D*,3,E1,T5071,L3521
,181.3269,,1040000.0,E,6298.85,61447.86,3s2.3p2,1D,2,3s2.3p.5d,3D*,2,E1,T5071,
181.407,181.4079,500w,115000000.0,C,6298.85,61423.23,3s2.3p2,1D,2,3s2.3p.5d,1F*,3,E1,T5071,L3521
182.245,,50,,,,,,,,,,,E1,,L3521
183.651,183.651,200,13100000.0,D+,77.115,54528.22,3s2.3p2,3P,1,3s2.3p.5s,3P*,2,E1,T5071,L3521
183.801,,30w,,,,,,,,,,,E1,,L3521
184.115,184.11521,100w,15000000.0,D,0.0,54313.818,3s2.3p2,3P,0,3s2.3p.5s,3P*,1,E1,T5071,L3521
184.144,184.14489,200,36700000.0,D+,223.157,54528.22,3s2.3p2,3P,2,3s2.3p.5s,3P*,2,E1,T5071,L3521
184.377,184.37699,200,33500000.0,D+,77.115,54313.818,3s2.3p2,3P,1,3s2.3p.5s,3P*,1,E1,T5071,L3521
184.551,184.55202,300,168000000.0,C+,0.0,54185.264,3s2.3p2,3P,0,3s2.3p.3d,3D*,1,E1,T8363c22,L3521
184.61,184.61116,100,56800000.0,E,77.115,54245.02,3s2.3p2,3P,1,3s2.3p.5s,3P*,0,E1,T8363,L3521
184.747,184.74735,400,233000000.0,C+,77.115,54205.09,3s2.3p2,3P,1,3s2.3p.3d,3D*,2,E1,T8363c22,L3521
184.814,184.81505,200,123000000.0,C+,77.115,54185.264,3s2.3p2,3P,1,3s2.3p.3d,3D*,1,E1,T8363c22,L3521
184.874,184.8748,100,39200000.0,D+,223.157,54313.818,3s2.3p2,3P,2,3s2.3p.5s,3P*,1,E1,T5071,L3521
185.067,185.0672,500,305000000.0,C+,223.157,54257.582,3s2.3p2,3P,2,3s2.3p.3d,3D*,3,E1,T8363c22,L3521
185.179,,30w,,,,,,,,,,,E1,,L3521
185.246,185.24716,200,74000000.0,C+,223.157,54205.09,3s2.3p2,3P,2,3s2.3p.3d,3D*,2,E1,T8363c22,L3521
185.315,185.31522,50,7920000.0,C,223.157,54185.264,3s2.3p2,3P,2,3s2.3p.3d,3D*,1,E1,T8363c22,L3521
187.31,,100,,,,,,,,,,,E1,,L3521
187.484,187.48424,500w,107000000.0,D,6298.85,59636.667,3s2.3p2,1D,2,3s2.3p.(2P*<3/2>).6s<1/2>,"(3/2,1/2)*",1,E1,T5071,L3521
187.581,,100,,,,,,,,,,,E1,,L3521
188.185,188.1854,200,5000000.0,D+,223.157,53362.24,3s2.3p2,3P,2,3s2.3p.3d,1F*,3,E1,T5814,L3521
188.77,,200,,,,,,,,,,,E1,,L3521
,189.06372,,4.45,D,6298.85,59191.072,3s2.3p2,1D,2,3s2.3p.(2P*<3/2>).4f,2[3/2],2,E2,T5785,
,189.0659,,0.00228,E,6298.85,59190.46,3s2.3p2,1D,2,3s2.3p.(2P*<3/2>).4f,2[3/2],1,E2,T5785,
,189.27542,,93.2,D+,6298.85,59131.912,3s2.3p2,1D,2,3s2.3p.(2P*<3/2>).4f,2[9/2],4,E2,T5785,
189.325,,200w,,,,,,,,,,,E1,,L3521
,189.35075,,4.66,D,6298.85,59110.892,3s2.3p2,1D,2,3s2.3p.(2P*<3/2>).4f,2[5/2],2,E2,T5785,
,189.3541,,109.0,D+,6298.85,59109.959,3s2.3p2,1D,2,3s2.3p.(2P*<3/2>).4f,2[5/2],3,E2,T5785,
,189.62329,,30.3,D+,6298.85,59034.988,3s2.3p2,1D,2,3s2.3p.(2P*<3/2>).4f,2[7/2],3,E2,T5785,
190.133,190.1338,1000w,100000000.0,C,6298.85,58893.4,3s2.3p2,1D,2,3s2.3p.4d,1F*,3,E1,T5071,L3521
190.466,190.46647,50w,4870000.0,D,6298.85,58801.529,3s2.3p2,1D,2,3s2.3p.4d,1P*,1,E1,T5071,L3521
,190.51237,,34.0,D+,6298.85,58788.88,3s2.3p2,1D,2,3s2.3p.(2P*<1/2>).4f,2[7/2],4,E2,T5785,
195.497,,100,,,,,,,,,,,E1,,L3521
,197.75979,,27900000.0,B,0.0,50566.397,3s2.3p2,3P,0,3s2.3p.3d,3P*,1,E1,T5814,
,197.9205,,86900000.0,B,77.115,50602.44,3s2.3p2,3P,1,3s2.3p.3d,3P*,0,E1,T5814,
,198.06184,,20700000.0,B,77.115,50566.397,3s2.3p2,3P,1,3s2.3p.3d,3P*,1,E1,T5814,
,198.32328,,21800000.0,B,77.115,50499.838,3s2.3p2,3P,1,3s2.3p.3d,3P*,2,E1,T5814,
198.443,,30,,,,,,,,,,,E1,,L3521
,198.6364,,36500000.0,B,223.157,50566.397,3s2.3p2,3P,2,3s2.3p.3d,3P*,1,E1,T5814,
,198.89937,,65800000.0,B,223.157,50499.838,3s2.3p2,3P,2,3s2.3p.3d,3P*,2,E1,T5814,
199.185,,50,,,,,,,,,,,E1,,L3521
,,intens,,Acc,,,conf_i,term_i,J_i,conf_k,term_k,J_k,Type,tp_ref,line_ref
201.097,,30,,,,,,,,,,,E1,,L3521
205.483,,50,,,,,,,,,,,E1,,L3521
,205.81331,,70800000.0,C,6298.85,54871.031,3s2.3p2,1D,2,3s2.3p.5s,1P*,1,E1,T5071,
206.119,,40,,,,,,,,,,,E1,,L3521
206.552,,30,,,,,,,,,,,E1,,L3521
,207.27641,,459000.0,E,6298.85,54528.22,3s2.3p2,1D,2,3s2.3p.5s,3P*,2,E1,T5071,
,208.20208,,6450000.0,D,6298.85,54313.818,3s2.3p2,1D,2,3s2.3p.5s,3P*,1,E1,T5071,
,208.44625,,2730000.0,D+,6298.85,54257.582,3s2.3p2,1D,2,3s2.3p.3d,3D*,3,E1,"T8363c22,T5071",
,208.67467,,32600.0,E,6298.85,54205.09,3s2.3p2,1D,2,3s2.3p.3d,3D*,2,E1,"T8363c22,T5071",
,208.76108,,546000.0,E,6298.85,54185.264,3s2.3p2,1D,2,3s2.3p.3d,3D*,1,E1,"T8363c22,T5071",
210.321,,30w,,,,,,,,,,,E1,,L3521
211.463,,30,,,,,,,,,,,E1,,L3521
,212.29904,,35700000.0,B,6298.85,53387.334,3s2.3p2,1D,2,3s2.3p.3d,1P*,1,E1,T5814,
212.412,212.4122,100,297000000.0,B,6298.85,53362.24,3s2.3p2,1D,2,3s2.3p.3d,1F*,3,E1,T5814,L3521
214.791,,50w,,,,,,,,,,,E1,,L3521
,220.71277,,0.00468,D,0.0,45293.629,3s2.3p2,3P,0,3s.3p3,3D*,2,M2,c22,
220.798,220.7978,110,26200000.0,B,0.0,45276.188,3s2.3p2,3P,0,3s.3p3,3D*,1,E1,T5814,L3521
,220.95132,,0.00458,D,77.115,45321.848,3s2.3p2,3P,1,3s.3p3,3D*,3,M2,c22,
221.089,221.08922,115,34600000.0,B,77.115,45293.629,3s2.3p2,3P,1,3s.3p3,3D*,2,E1,T5814,L3521
221.174,221.17454,110,18100000.0,B,77.115,45276.188,3s2.3p2,3P,1,3s.3p3,3D*,1,E1,T5814,L3521
221.667,221.66689,120,45400000.0,B,223.157,45321.848,3s2.3p2,3P,2,3s.3p3,3D*,3,E1,T5814,L3521
221.806,221.80569,120,10900000.0,B,223.157,45293.629,3s2.3p2,3P,2,3s.3p3,3D*,2,E1,T5814,L3521
221.891,221.89157,50,1050000.0,C+,223.157,45276.188,3s2.3p2,3P,2,3s.3p3,3D*,1,E1,T5814,L3521
,227.82803,,3560000.0,D,15394.37,59273.575,3s2.3p2,1S,0,3s2.3p.(2P*<1/2>).6s<1/2>,"(1/2,1/2)*",1,E1,T5071,
,228.25724,,19.9,D+,15394.37,59191.072,3s2.3p2,1S,0,3s2.3p.(2P*<3/2>).4f,2[3/2],2,E2,T5785,
,228.67593,,18.3,D+,15394.37,59110.892,3s2.3p2,1S,0,3s2.3p.(2P*<3/2>).4f,2[5/2],2,E2,T5785,
229.103,,35,,,,,,,,,,,E1,,L3521
230.306,230.30585,55,348000000.0,C+,15394.37,58801.529,3s2.3p2,1S,0,3s2.3p.4d,1P*,1,E1,T5071,L3521
243.515,243.51545,300,44300000.0,B,6298.85,47351.554,3s2.3p2,1D,2,3s2.3p.3d,1D*,2,E1,T5814,L3521
243.877,243.87678,65,791000.0,D,0.0,40991.884,3s2.3p2,3P,0,3s2.3p.4s,1P*,1,E1,T5814,L3521
244.336,244.33647,65,628000.0,C+,77.115,40991.884,3s2.3p2,3P,1,3s2.3p.4s,1P*,1,E1,T5814,L3521
245.212,245.2118,70,581000.0,D,223.157,40991.884,3s2.3p2,3P,2,3s2.3p.4s,1P*,1,E1,T5814,L3521
250.69,250.6897,425,54700000.0,B,77.115,39955.053,3s2.3p2,3P,1,3s2.3p.4s,3P*,2,E1,T5814,L3521
251.432,251.43156,375,73900000.0,B,0.0,39760.285,3s2.3p2,3P,0,3s2.3p.4s,3P*,1,E1,T5814,L3521
251.6113,251.61122,500,168000000.0,B,223.157,39955.053,3s2.3p2,3P,2,3s2.3p.4s,3P*,2,E1,T5814,L3521
251.9202,251.92019,350,54900000.0,B,77.115,39760.285,3s2.3p2,3P,1,3s2.3p.4s,3P*,1,E1,T5814,L3521
252.4108,252.41077,425,222000000.0,B,77.115,39683.163,3s2.3p2,3P,1,3s2.3p.4s,3P*,0,E1,T5814,L3521
252.8509,252.85079,450,90400000.0,B,223.157,39760.285,3s2.3p2,3P,2,3s2.3p.4s,3P*,1,E1,T5814,L3521
253.2381,253.23811,110,24500000.0,C,15394.37,54871.031,3s2.3p2,1S,0,3s2.3p.5s,1P*,1,E1,T5071,L3521
,256.18234,,0.00462,D,6298.85,45321.848,3s2.3p2,1D,2,3s.3p3,3D*,3,M2,c22,
256.3679,256.36774,30,0.0042,D,6298.85,45293.629,3s2.3p2,1D,2,3s.3p3,3D*,2,M2,c22,L3521
,256.48246,,0.00178,E,6298.85,45276.188,3s2.3p2,1D,2,3s.3p3,3D*,1,M2,c22,
256.8641,256.86398,85,4240000.0,D,15394.37,54313.818,3s2.3p2,1S,0,3s2.3p.5s,3P*,1,E1,T5071,L3521
257.7151,,45,,,,,,,,,,,E1,,L3521
263.1282,263.12818,190,106000000.0,B,15394.37,53387.334,3s2.3p2,1S,0,3s2.3p.3d,1P*,1,E1,T5814,L3521
288.1579,288.15777,1000,217000000.0,B,6298.85,40991.884,3s2.3p2,1D,2,3s2.3p.4s,1P*,1,E1,T5814,L3521
297.0355,297.03532,55,60000.0,E,6298.85,39955.053,3s2.3p2,1D,2,3s2.3p.4s,3P*,2,E1,T5814,L3521
298.7645,298.76434,150,2660000.0,D+,6298.85,39760.285,3s2.3p2,1D,2,3s2.3p.4s,3P*,1,E1,T5814,L3521
,299.97808,,0.000657,D,0.0,33326.053,3s2.3p2,3P,0,3s.3p3,5S*,2,M2,c22,
300.6739,300.67385,50,1100.0,E,77.115,33326.053,3s2.3p2,3P,1,3s.3p3,5S*,2,E1,T6066c4,L3521
,300.67385,,0.00145,D,77.115,33326.053,3s2.3p2,3P,1,3s.3p3,5S*,2,M2,c22,
302.0004,302.00041,75,3300.0,E,223.157,33326.053,3s2.3p2,3P,2,3s.3p3,5S*,2,E1,T6066c4,L3521
,302.00041,,0.00109,D,223.157,33326.053,3s2.3p2,3P,2,3s.3p3,5S*,2,M2,c22,
390.5523,390.55231,300,13300000.0,B,15394.37,40991.884,3s2.3p2,1S,0,3s2.3p.4s,1P*,1,E1,T5814,L3521
410.2936,410.29359,70,60900.0,E,15394.37,39760.285,3s2.3p2,1S,0,3s2.3p.4s,3P*,1,E1,T8363c22,L3521
,411.59638,,,,15394.37,39683.163,3s2.3p2,1S,0,3s2.3p.4s,3P*,0,E1,,
,472.1571,,340000.0,D,39683.163,60856.63,3s2.3p.4s,3P*,0,3s2.3p.(2P*<3/2>).6p<1/2>,"(3/2,1/2)",1,E1,"T6066c4,LS",
,473.8832,,1000000.0,D,39760.285,60856.63,3s2.3p.4s,3P*,1,3s2.3p.(2P*<3/2>).6p<1/2>,"(3/2,1/2)",1,E1,"T6066c4,LS",
,474.7993,,570000.0,D,39760.285,60815.925,3s2.3p.4s,3P*,1,3s2.3p.(2P*<3/2>).6p<1/2>,"(3/2,1/2)",2,E1,"T6066c4,LS",
,475.5276,,750000.0,D,39683.163,60706.558,3s2.3p.4s,3P*,0,3s2.3p.(2P*<3/2>).6p<3/2>,"(3/2,3/2)",1,E1,"T6066c4,LS",
,477.2785,,570000.0,D,39760.285,60706.558,3s2.3p.4s,3P*,1,3s2.3p.(2P*<3/2>).6p<3/2>,"(3/2,3/2)",1,E1,"T6066c4,LS",
478.2991,478.2991,50,1700000.0,D,39955.053,60856.63,3s2.3p.4s,3P*,2,3s2.3p.(2P*<3/2>).6p<1/2>,"(3/2,1/2)",1,E1,"T6066c4,LS",L3521
479.2212,479.2213,35,2200000.0,D,39760.285,60621.64,3s2.3p.4s,3P*,1,3s2.3p.(2P*<1/2>).6p<1/2>,"(1/2,1/2)",0,E1,"T6066c4,LS",L3521
479.2324,479.2324,80,1700000.0,D,39955.053,60815.925,3s2.3p.4s,3P*,2,3s2.3p.(2P*<3/2>).6p<1/2>,"(3/2,1/2)",2,E1,"T6066c4,LS",L3521
,480.5439,,600000.0,D,39683.163,60487.103,3s2.3p.4s,3P*,0,3s2.3p.(2P*<1/2>).6p<3/2>,"(1/2,3/2)",1,E1,"T6066c4,LS",
,481.7581,,910000.0,D,39955.053,60706.558,3s2.3p.4s,3P*,2,3s2.3p.(2P*<3/2>).6p<3/2>,"(3/2,3/2)",1,E1,"T6066c4,LS",
,481.8052,,1100000.0,D,39955.053,60704.53,3s2.3p.4s,3P*,2,3s2.3p.(2P*<3/2>).6p<3/2>,"(3/2,3/2)",3,E1,"T6066c4,LS",
,482.1167,,800000.0,D,39760.285,60496.358,3s2.3p.4s,3P*,1,3s2.3p.(2P*<1/2>).6p<3/2>,"(1/2,3/2)",2,E1,"T6066c4,LS",
,482.3319,,450000.0,E,39760.285,60487.103,3s2.3p.4s,3P*,1,3s2.3p.(2P*<1/2>).6p<3/2>,"(1/2,3/2)",1,E1,"T6066c4,LS",
,486.688,,260000.0,E,39955.053,60496.358,3s2.3p.4s,3P*,2,3s2.3p.(2P*<1/2>).6p<3/2>,"(1/2,3/2)",2,E1,"T6066c4,LS",
,486.9074,,29000.0,E,39955.053,60487.103,3s2.3p.4s,3P*,2,3s2.3p.(2P*<1/2>).6p<3/2>,"(1/2,3/2)",1,E1,"T6066c4,LS",
494.7607,494.7607,30,4200000.0,D,40991.884,61198.036,3s2.3p.4s,1P*,1,3s2.3p.(2P*<3/2>).6p<3/2>,"(3/2,3/2)",0,E1,T1619CA,L3521
500.6061,500.6059,40,2800000.0,D,40991.884,60962.105,3s2.3p.4s,1P*,1,3s2.3p.(2P*<3/2>).6p<3/2>,"(3/2,3/2)",2,E1,T1619CA,L3521
549.323,,40,,,,,,,,,,,E1,,L3521
551.7535,,35,,,,,,,,,,,E1,,L3521
,559.794,,540000.0,D,39683.163,57541.918,3s2.3p.4s,3P*,0,3s2.3p.5p,3S,1,E1,"T6066c4,LS",
562.2221,562.222,30,1600000.0,D,39760.285,57541.918,3s2.3p.4s,3P*,1,3s2.3p.5p,3S,1,E1,"T6066c4,LS",L3521
564.5611,564.5613,90,970000.0,D,39760.285,57468.239,3s2.3p.4s,3P*,1,3s2.3p.5p,3P,2,E1,"T6066c4,LS",L3521
566.5554,566.5555,80,631000.0,D,39683.163,57328.789,3s2.3p.4s,3P*,0,3s2.3p.5p,3P,1,E1,T2301,L3521
568.4484,568.4484,120,2600000.0,D,39955.053,57541.918,3s2.3p.4s,3P*,2,3s2.3p.5p,3S,1,E1,"T6066c4,LS",L3521
569.0425,569.0425,100,926000.0,D+,39760.285,57328.789,3s2.3p.4s,3P*,1,3s2.3p.5p,3P,1,E1,T2301,L3521
570.1105,570.1104,90,1830000.0,D,39760.285,57295.881,3s2.3p.4s,3P*,1,3s2.3p.5p,3P,0,E1,T2301,L3521
570.8397,570.84,160,1390000.0,D+,39955.053,57468.239,3s2.3p.4s,3P*,2,3s2.3p.5p,3P,2,E1,T2301,L3521
574.7667,,45,,,,,,,,,,,E1,,L3521
575.3625,,45,,,,,,,,,,,E1,,L3521
575.422,575.4218,45,1230000.0,E,39955.053,57328.789,3s2.3p.4s,3P*,2,3s2.3p.5p,3P,1,E1,T8363,L3521
576.2977,,45,,,,,,,,,,,E1,,L3521
577.2145,577.2146,70,3560000.0,D+,40991.884,58311.659,3s2.3p.4s,1P*,1,3s2.3p.5p,1S,0,E1,T2301,L3521
578.0384,578.0384,70,297000.0,D,39683.163,56978.256,3s2.3p.4s,3P*,0,3s2.3p.5p,3D,1,E1,T2301,L3521
579.3071,579.3073,90,383000.0,E,39760.285,57017.496,3s2.3p.4s,3P*,1,3s2.3p.5p,3D,2,E1,T8363,L3521
579.7859,579.7856,100,253000.0,D,39955.053,57198.027,3s2.3p.4s,3P*,2,3s2.3p.5p,3D,3,E1,T2301,L3521
,580.6275,,212000.0,E,39760.285,56978.256,3s2.3p.4s,3P*,1,3s2.3p.5p,3D,1,E1,T8363,
,585.9201,,124000.0,E,39955.053,57017.496,3s2.3p.4s,3P*,2,3s2.3p.5p,3D,2,E1,T8363,
,587.2707,,13600.0,E,39955.053,56978.256,3s2.3p.4s,3P*,2,3s2.3p.5p,3D,1,E1,T8363,
587.3764,,40,,,,,,,,,,,E1,,L3521
594.8545,594.8541,200,2220000.0,C,40991.884,57798.072,3s2.3p.4s,1P*,1,3s2.3p.5p,1D,2,E1,T2301,L3521
612.5021,,90,,,,,,,,,,,E1,,L3521
613.1574,,85,,,,,,,,,,,E1,,L3521
613.185,,90,,,,,,,,,,,E1,,L3521
614.2487,,100,,,,,,,,,,,E1,,L3521
614.5015,,100,,,,,,,,,,,E1,,L3521
615.5134,,160,,,,,,,,,,,E1,,L3521
623.732,,160,,,,,,,,,,,E1,,L3521
623.8287,,40,,,,,,,,,,,E1,,L3521
624.3813,,125,,,,,,,,,,,E1,,L3521
624.4468,,125,,,,,,,,,,,E1,,L3521
625.4188,,180,,,,,,,,,,,E1,,L3521
633.1954,633.1956,45,10000.0,E,40991.884,56780.427,3s2.3p.4s,1P*,1,3s2.3p.5p,1P,1,E1,T1619CA,L3521
,651.873,,590000.0,D,48020.074,63356.24,3s2.3p.4p,3D,1,3s2.3p.7d,1D*,2,E1,"T6066c4,LS",
652.6609,,45,,,,,,,,,,,E1,,L3521
,652.6782,,0.0274,D,77.115,15394.37,3s2.3p2,3P,1,3s2.3p2,1S,0,M1,"c22,T4209",
652.7199,,45,,,,,,,,,,,E1,,L3521
,655.388,,110000.0,E,48102.323,63356.24,3s2.3p.4p,3D,2,3s2.3p.7d,1D*,2,E1,"T6066c4,LS",
655.5462,655.5463,45,690000.0,D,48264.292,63514.533,3s2.3p.4p,3D,3,3s2.3p.7d,3F*,4,E1,"T6066c4,LS",L3521
,656.057,,600000.0,D,48102.323,63340.7,3s2.3p.4p,3D,2,3s2.3p.7d,3F*,3,E1,"T6066c4,LS",
,658.9611,,0.000775,D,223.157,15394.37,3s2.3p2,3P,2,3s2.3p2,1S,0,E2,"c22,T4209",
,662.422,,2900.0,E,48264.292,63356.24,3s2.3p.4p,3D,3,3s2.3p.7d,1D*,2,E1,"T6066c4,LS",
,663.105,,73000.0,E,48264.292,63340.7,3s2.3p.4p,3D,3,3s2.3p.7d,3F*,3,E1,"T6066c4,LS",
672.1853,672.1848,100,3400000.0,D,47284.061,62156.816,3s2.3p.4p,1P,1,3s2.3p.6d,1D*,2,E1,T1619CA,L3521
674.164,,30,,,,,,,,,,,E1,,L3521
684.8568,,30,,,,,,,,,,,E1,,L3521
697.6523,697.651,80,3260000.0,D,48020.074,62349.93,3s2.3p.4p,3D,1,3s2.3p.6d,3F*,2,E1,T6066LS,L3521
700.3567,700.3569,180,3420000.0,D+,48102.323,62376.82,3s2.3p.4p,3D,2,3s2.3p.6d,3F*,3,E1,T6066LS,L3521
700.5883,700.588,180,3830000.0,D+,48264.292,62534.08,3s2.3p.4p,3D,3,3s2.3p.6d,3F*,4,E1,T6066LS,L3521
,701.679,,596000.0,E,48102.323,62349.93,3s2.3p.4p,3D,2,3s2.3p.6d,3F*,2,E1,T6066LS,
701.728,,30,,,,,,,,,,,E1,,L3521
701.7646,,90,,,,,,,,,,,E1,,L3521
703.4903,,250,,,,,,,,,,,E1,,L3521
,708.395,,413000.0,E,48264.292,62376.82,3s2.3p.4p,3D,3,3s2.3p.6d,3F*,3,E1,T6066LS,
,709.747,,16200.0,E,48264.292,62349.93,3s2.3p.4p,3D,3,3s2.3p.6d,3F*,2,E1,T6066LS,
716.469,,70,,,,,,,,,,,E1,,L3521
716.5545,,200,,,,,,,,,,,E1,,L3521
718.489,,70,,,,,,,,,,,E1,,L3521
719.358,719.355,65,717000.0,E,49028.294,62925.8,3s2.3p.4p,3P,0,3s2.3p.6d,3D*,1,E1,T6066LS,L3521
719.39,,30,,,,,,,,,,,E1,,L3521
,721.031,,535000.0,E,49060.601,62925.8,3s2.3p.4p,3P,1,3s2.3p.6d,3D*,1,E1,T6066LS,
722.6206,,100,,,,,,,,,,,E1,,L3521
723.5326,,100,,,,,,,,,,,E1,,L3521
723.582,,60,,,,,,,,,,,E1,,L3521
725.0625,,180,,,,,,,,,,,E1,,L3521
,727.203,,1250000.0,D,49188.617,62936.14,3s2.3p.4p,3P,2,3s2.3p.6d,3D*,3,E1,T6066LS,
727.5294,,160,,,,,,,,,,,E1,,L3521
,727.751,,34600.0,E,49188.617,62925.8,3s2.3p.4p,3P,2,3s2.3p.6d,3D*,1,E1,T6066LS,
728.281,,40,,,,,,,,,,,E1,,L3521
728.9173,,400,,,,,,,,,,,E1,,L3521
,728.96,,933000.0,E,49060.601,62774.99,3s2.3p.4p,3P,1,3s2.3p.6d,3D*,2,E1,T6066LS,
729.026,,55,,,,,,,,,,,E1,,L3521
,735.829,,302000.0,E,49188.617,62774.99,3s2.3p.4p,3P,2,3s2.3p.6d,3D*,2,E1,T6066LS,
737.3,,35,,,,,,,,,,,E1,,L3521
740.5774,,375,,,,,,,,,,,E1,,L3521
740.9082,,200,,,,,,,,,,,E1,,L3521
741.535,,40,,,,,,,,,,,E1,,L3521
741.5946,,275,,,,,,,,,,,E1,,L3521
742.3497,,425,,,,,,,,,,,E1,,L3521
742.46,,85,,,,,,,,,,,E1,,L3521
768.0267,768.0266,100,4620000.0,C+,47284.061,60300.86,3s2.3p.4p,1P,1,3s2.3p.5d,1D*,2,E1,T2301,L3521
774.271,774.272,40,5340000.0,C,50054.8,62966.61,3s2.3p.3d,3F*,4,3s2.3p.(2P*<3/2>).6f,2[9/2],5,E1,T6066LS',L3521
780.0008,,30,,,,,,,,,,,E1,,L3521
784.9967,,30,,,,,,,,,,,E1,,L3521
791.8386,791.8384,90,5220000.0,C+,48020.074,60645.441,3s2.3p.4p,3D,1,3s2.3p.5d,3F*,2,E1,T2301,L3521
,792.585,,2080000.0,D,50189.389,62802.86,3s2.3p.4p,1D,2,3s2.3p.6d,1F*,3,E1,T6066,
793.2349,793.2348,120,5130000.0,C+,48102.323,60705.464,3s2.3p.4p,3D,2,3s2.3p.5d,3F*,3,E1,T2301,L3521
794.4001,794.4001,140,5750000.0,B,48264.292,60848.946,3s2.3p.4p,3D,3,3s2.3p.5d,3F*,4,E1,T2301,L3521
797.0306,797.0307,35,711000.0,C,48102.323,60645.441,3s2.3p.4p,3D,2,3s2.3p.5d,3F*,2,E1,T2301,L3521
,800.669,,92000.0,E,50499.838,62985.96,3s2.3p.3d,3P*,2,3s2.3p.(2P*<3/2>).6f,2[3/2],1,E1,T6066LS',
,800.839,,977000.0,E,49028.294,61511.77,3s2.3p.4p,3P,0,3s2.3p.5d,3D*,1,E1,T6066LS,
,802.917,,726000.0,E,49060.601,61511.77,3s2.3p.4p,3P,1,3s2.3p.5d,3D*,1,E1,T6066LS,
803.5619,803.5618,35,811000.0,D,48264.292,60705.464,3s2.3p.4p,3D,3,3s2.3p.5d,3F*,3,E1,T8363,L3521
,804.96,,1360000.0,D,50566.397,62985.96,3s2.3p.3d,3P*,1,3s2.3p.(2P*<3/2>).6f,2[3/2],1,E1,T6066LS',
,807.059,,1290000.0,D,49060.601,61447.86,3s2.3p.4p,3P,1,3s2.3p.5d,3D*,2,E1,T6066LS,
,807.1284,,1720000.0,D,49188.617,61574.814,3s2.3p.4p,3P,2,3s2.3p.5d,3D*,3,E1,T6066LS,
,807.303,,1800000.0,D,50602.44,62985.96,3s2.3p.3d,3P*,0,3s2.3p.(2P*<3/2>).6f,2[3/2],1,E1,T6066LS',
,807.4574,,31600.0,E,48264.292,60645.441,3s2.3p.4p,3D,3,3s2.3p.5d,3F*,2,E1,T8363,
809.3241,809.3232,70,1500000.0,D,47284.061,59636.667,3s2.3p.4p,1P,1,3s2.3p.(2P*<3/2>).6s<1/2>,"(3/2,1/2)*",1,E1,T1619CA,L3521
,811.258,,46900.0,E,49188.617,61511.77,3s2.3p.4p,3P,2,3s2.3p.5d,3D*,1,E1,T6066LS,
,815.487,,416000.0,E,49188.617,61447.86,3s2.3p.4p,3P,2,3s2.3p.5d,3D*,2,E1,T6066LS,
823.0642,,35,,,,,,,,,,,E1,,L3521
,835.3719,,340000.0,D,50189.389,62156.816,3s2.3p.4p,1D,2,3s2.3p.6d,1D*,2,E1,T2301,
844.3982,,40,,,,,,,,,,,E1,,L3521
850.1547,,40,,,,,,,,,,,E1,,L3521
850.2221,,60,,,,,,,,,,,E1,,L3521
853.6165,,40,,,,,,,,,,,E1,,L3521
855.678,,120,,,,,,,,,,,E1,,L3521
864.8462,864.847,50,9120000.0,C,50054.8,61614.37,3s2.3p.3d,3F*,4,3s2.3p.(2P*<3/2>).5f,2[9/2],5,E1,T6066LS',L3521
,868.008,,19000.0,E,47284.061,58801.529,3s2.3p.4p,1P,1,3s2.3p.4d,1P*,1,E1,T1619CA,
872.8011,,40,,,,,,,,,,,E1,,L3521
874.2451,,75,,,,,,,,,,,E1,,L3521
875.2009,,100,,,,,,,,,,,E1,,L3521
879.0389,,35,,,,,,,,,,,E1,,L3521
,889.923,,3420000.0,D+,50189.389,61423.23,3s2.3p.4p,1D,2,3s2.3p.5d,1F*,3,E1,T6066,
,896.814,,155000.0,E,50499.838,61647.36,3s2.3p.3d,3P*,2,3s2.3p.(2P*<3/2>).5f,2[3/2],1,E1,T6066LS',
,902.201,,2290000.0,D,50566.397,61647.36,3s2.3p.3d,3P*,1,3s2.3p.(2P*<3/2>).5f,2[3/2],1,E1,T6066LS',
,905.145,,3010000.0,D+,50602.44,61647.36,3s2.3p.3d,3P*,0,3s2.3p.(2P*<3/2>).5f,2[3/2],1,E1,T6066LS',
,939.342,,895000.0,E,49399.67,60042.5,3s2.3p.4p,3S,1,3s2.3p.nd,a 3P*,0,E1,T6066LS,
941.3506,941.35,100,22600000.0,C+,40991.884,51612.012,3s2.3p.4s,1P*,1,3s2.3p.4p,1S,0,E1,T8363c22,L3521
,942.1786,,886000.0,D,49399.67,60010.458,3s2.3p.4p,3S,1,3s2.3p.nd,a 3P*,1,E1,T6066LS,
,950.5205,,863000.0,D,49399.67,59917.336,3s2.3p.4p,3S,1,3s2.3p.nd,a 3P*,2,E1,T6066LS,
,988.7047,,567000.0,D,50189.389,60300.86,3s2.3p.4p,1D,2,3s2.3p.5d,1D*,2,E1,T6066,
,996.9132,,854000.0,D,49028.294,59056.508,3s2.3p.4p,3P,0,3s2.3p.4d,3D*,1,E1,T6066LS,
,1000.1353,,634000.0,D,49060.601,59056.508,3s2.3p.4p,3P,1,3s2.3p.4d,3D*,1,E1,T6066LS,
,1002.574,,1130000.0,D,49060.601,59032.19,3s2.3p.4p,3P,1,3s2.3p.4d,3D*,2,E1,T6066LS,
,1006.833,,1490000.0,D+,49188.617,59118.03,3s2.3p.4p,3P,2,3s2.3p.4d,3D*,3,E1,T6066LS,
,1013.1101,,40700.0,E,49188.617,59056.508,3s2.3p.4p,3P,2,3s2.3p.4d,3D*,1,E1,T6066LS,
,1015.613,,363000.0,D,49188.617,59032.19,3s2.3p.4p,3P,2,3s2.3p.4d,3D*,2,E1,T6066LS,
,1028.8944,,701000.0,C+,39683.163,49399.67,3s2.3p.4s,3P*,0,3s2.3p.4p,3S,1,E1,T8363c22,
,1031.32,,2320000.0,D+,51612.012,61305.67,3s2.3p.4p,1S,0,3s2.3p.5d,1P*,1,E1,T6066,
1037.1269,1037.1264,30,4010000.0,C+,39760.285,49399.67,3s2.3p.4s,3P*,1,3s2.3p.4p,3S,1,E1,T8363c22,L3521
1058.5141,1058.5142,120,17800000.0,B,39955.053,49399.67,3s2.3p.4s,3P*,2,3s2.3p.4p,3S,1,E1,T8363c22,L3521
1060.3431,1060.3425,120,5210000.0,C+,39760.285,49188.617,3s2.3p.4s,3P*,1,3s2.3p.4p,3P,2,E1,T8363c22,L3521
1066.0975,1066.0973,120,9270000.0,C+,39683.163,49060.601,3s2.3p.4s,3P*,0,3s2.3p.4p,3P,1,E1,T8363c22,L3521
,1068.9716,,14500000.0,C+,48020.074,57372.297,3s2.3p.4p,3D,1,3s2.3p.4d,3F*,2,E1,T6066LS,
1069.4251,1069.4252,30,15300000.0,C+,48102.323,57450.58,3s2.3p.4p,3D,2,3s2.3p.4d,3F*,3,E1,T6066LS,L3521
1072.7408,1072.7406,30,17000000.0,B,48264.292,57583.657,3s2.3p.4p,3D,3,3s2.3p.4d,3F*,4,E1,T6066LS,L3521
1074.9384,1074.9378,60,10300000.0,C+,39760.285,49060.601,3s2.3p.4s,3P*,1,3s2.3p.4p,3P,1,E1,T8363c22,L3521
1078.455,1078.4563,30,2610000.0,D+,48102.323,57372.297,3s2.3p.4p,3D,2,3s2.3p.4d,3F*,2,E1,T6066LS,L3521
1078.6856,1078.6849,80,24800000.0,C+,39760.285,49028.294,3s2.3p.4s,3P*,1,3s2.3p.4p,3P,0,E1,T8363c22,L3521
1082.7091,1082.7089,140,19700000.0,B,39955.053,49188.617,3s2.3p.4s,3P*,2,3s2.3p.4p,3P,2,E1,T8363c22,L3521
1084.3854,1084.3858,60,18800000.0,C+,47284.061,56503.346,3s2.3p.4p,1P,1,3s2.3p.4d,1D*,2,E1,T6066,L3521
1086.879,,30,,,,,,,,,,,E1,,L3521
1086.9541,1086.9536,130,21800000.0,B,40991.884,50189.389,3s2.3p.4s,1P*,1,3s2.3p.4p,1D,2,E1,T8363c22,L3521
1088.2802,1088.2809,30,1820000.0,D+,48264.292,57450.58,3s2.3p.4p,3D,3,3s2.3p.4d,3F*,3,E1,T6066LS,L3521
1088.5336,,30,,,,,,,,,,,E1,,L3521
,1097.6346,,70000.0,E,48264.292,57372.297,3s2.3p.4p,3D,3,3s2.3p.4d,3F*,2,E1,T6066LS,
1097.9308,1097.9308,80,5050000.0,C+,39955.053,49060.601,3s2.3p.4s,3P*,2,3s2.3p.4p,3P,1,E1,T8363c22,L3521
1098.2061,,30,,,,,,,,,,,E1,,L3521
,1099.1413,,1.0,C,6298.85,15394.37,3s2.3p2,1D,2,3s2.3p2,1S,0,E2,"c22,T4209",
1101.7965,,80,,,,,,,,,,,E1,,L3521
1118.76,,13,,,,,,,,,,,E1,,L4745
1128.984,,12,,,,,,,,,,,E1,,L4745
,1148.581,,5340000.0,C,50189.389,58893.4,3s2.3p.4p,1D,2,3s2.3p.4d,1F*,3,E1,T6066,
,1150.351,,277000.0,E,50499.838,59190.46,3s2.3p.3d,3P*,2,3s2.3p.(2P*<3/2>).4f,2[3/2],1,E1,T6066LS',
,1159.229,,4060000.0,C,50566.397,59190.46,3s2.3p.3d,3P*,1,3s2.3p.(2P*<3/2>).4f,2[3/2],1,E1,T6066LS',
1161.109,,12,,,,,,,,,,,E1,,L4745
,1164.094,,5350000.0,C,50602.44,59190.46,3s2.3p.3d,3P*,0,3s2.3p.(2P*<3/2>).4f,2[3/2],1,E1,T6066LS',
,1189.0483,,66200.0,D,40991.884,49399.67,3s2.3p.4s,1P*,1,3s2.3p.4p,3S,1,E1,T8363c22,
1198.419,1198.4199,370,14000000.0,B,39760.285,48102.323,3s2.3p.4s,3P*,1,3s2.3p.4p,3D,2,E1,T8363c22,L4745
1199.157,1199.1569,220,10400000.0,C+,39683.163,48020.074,3s2.3p.4s,3P*,0,3s2.3p.4p,3D,1,E1,T8363c22,L4745
1203.151,1203.1504,440,17300000.0,B,39955.053,48264.292,3s2.3p.4s,3P*,2,3s2.3p.4p,3D,3,E1,T8363c22,L4745
1210.353,1210.3535,150,6100000.0,C+,39760.285,48020.074,3s2.3p.4s,3P*,1,3s2.3p.4p,3D,1,E1,T8363c22,L4745
,1219.6645,,1650.0,E,40991.884,49188.617,3s2.3p.4s,1P*,1,3s2.3p.4p,3P,2,E1,T8363c22,
1227.068,1227.0692,120,3200000.0,C+,39955.053,48102.323,3s2.3p.4s,3P*,2,3s2.3p.4p,3D,2,E1,T8363c22,L4745
,1239.0154,,155000.0,D+,40991.884,49060.601,3s2.3p.4s,1P*,1,3s2.3p.4p,3P,1,E1,T8363c22,
,1239.5832,,301000.0,C+,39955.053,48020.074,3s2.3p.4s,3P*,2,3s2.3p.4p,3D,1,E1,T8363c22,
,1243.9964,,48500.0,E,40991.884,49028.294,3s2.3p.4s,1P*,1,3s2.3p.4p,3P,0,E1,T8363c22,
,1302.952,,7600000.0,D,49060.601,56733.38,3s2.3p.4p,3P,1,3s2.3p.4d,3P*,0,E1,T6066LS,
,1303.092,,2530000.0,D,49028.294,56700.25,3s2.3p.4p,3P,0,3s2.3p.4d,3P*,1,E1,T6066LS,
,1308.603,,1880000.0,D,49060.601,56700.25,3s2.3p.4p,3P,1,3s2.3p.4d,3P*,1,E1,T6066LS,
,1310.2058,,1870000.0,D+,49060.601,56690.903,3s2.3p.4p,3P,1,3s2.3p.4d,3P*,2,E1,T6066LS,
,1315.2743,,30400.0,D,39683.163,47284.061,3s2.3p.4s,3P*,0,3s2.3p.4p,1P,1,E1,T8363c22,
1317.69,1317.6889,11,11800000.0,C+,47284.061,54871.031,3s2.3p.4p,1P,1,3s2.3p.5s,1P*,1,E1,T6066,L4745
,1328.7565,,461000.0,C,39760.285,47284.061,3s2.3p.4s,3P*,1,3s2.3p.4p,1P,1,E1,T8363c22,
,1330.904,,2970000.0,D+,49188.617,56700.25,3s2.3p.4p,3P,2,3s2.3p.4d,3P*,1,E1,T6066LS,
,1332.5626,,5330000.0,C,49188.617,56690.903,3s2.3p.4p,3P,2,3s2.3p.4d,3P*,2,E1,T6066LS,
,1339.74,,370000.0,D,54185.264,61647.36,3s2.3p.3d,3D*,1,3s2.3p.(2P*<3/2>).5f,2[3/2],1,E1,T6066LS',
,1343.309,,123000.0,E,54205.09,61647.36,3s2.3p.3d,3D*,2,3s2.3p.(2P*<3/2>).5f,2[3/2],1,E1,T6066LS',
,1360.6912,,1350.0,E,49850.83,57198.027,3s2.3p.3d,3F*,2,3s2.3p.5p,3D,3,E1,T6066LS,
,1363.194,,9400000.0,D+,49399.67,56733.38,3s2.3p.4p,3S,1,3s2.3p.4d,3P*,0,E1,T6066LS,
,1364.0682,,1440.0,E,39955.053,47284.061,3s2.3p.4s,3P*,2,3s2.3p.4p,1P,1,E1,T8363c22,
,1369.38,,9280000.0,C,49399.67,56700.25,3s2.3p.4p,3S,1,3s2.3p.4d,3P*,1,E1,T6066LS,
,1371.1352,,9230000.0,C,49399.67,56690.903,3s2.3p.4p,3S,1,3s2.3p.4d,3P*,2,E1,T6066LS,
,1376.2279,,46100.0,E,49933.775,57198.027,3s2.3p.3d,3F*,3,3s2.3p.5p,3D,3,E1,T6066LS,
,1390.5338,,4570000.0,C,51612.012,58801.529,3s2.3p.4p,1S,0,3s2.3p.4d,1P*,1,E1,T6066,
,1394.9676,,62000.0,E,49850.83,57017.496,3s2.3p.3d,3F*,2,3s2.3p.5p,3D,2,E1,T6066LS,
,1399.545,,508000.0,D+,50054.8,57198.027,3s2.3p.3d,3F*,4,3s2.3p.5p,3D,3,E1,T6066LS,
,1402.6476,,549000.0,D,49850.83,56978.256,3s2.3p.3d,3F*,2,3s2.3p.5p,3D,1,E1,T6066LS,
,1405.9985,,14200.0,D,40991.884,48102.323,3s2.3p.4s,1P*,1,3s2.3p.4p,3D,2,E1,T8363c22,
,1411.3016,,478000.0,D+,49933.775,57017.496,3s2.3p.3d,3F*,3,3s2.3p.5p,3D,2,E1,T6066LS,
,1422.4526,,265000.0,C,40991.884,48020.074,3s2.3p.4s,1P*,1,3s2.3p.4p,3D,1,E1,T8363c22,
,1444.477,,759.0,E,47284.061,54205.09,3s2.3p.4p,1P,1,3s2.3p.3d,3D*,2,E1,T8363c22,
,1448.6268,,16900.0,D,47284.061,54185.264,3s2.3p.4p,1P,1,3s2.3p.3d,3D*,1,E1,T8363c22,
,1536.1161,,110000.0,D,48020.074,54528.22,3s2.3p.4p,3D,1,3s2.3p.5s,3P*,2,E1,T5071LS,
,1538.174,,12100.0,E,54205.09,60704.53,3s2.3p.3d,3D*,2,3s2.3p.(2P*<3/2>).6p<3/2>,"(3/2,3/2)",3,E1,T6066LS',
,1550.698,,93700.0,D,54257.582,60704.53,3s2.3p.3d,3D*,3,3s2.3p.(2P*<3/2>).6p<3/2>,"(3/2,3/2)",3,E1,T6066LS',
,1555.7779,,1590000.0,C,48102.323,54528.22,3s2.3p.4p,3D,2,3s2.3p.5s,3P*,2,E1,T5071LS,
,1581.045,,798000.0,D,57017.496,63340.7,3s2.3p.5p,3D,2,3s2.3p.7d,3F*,3,E1,T6066LS,
,1582.7213,,896000.0,D,57198.027,63514.533,3s2.3p.5p,3D,3,3s2.3p.7d,3F*,4,E1,T6066LS,
,1583.3603,,4440000.0,C+,50189.389,56503.346,3s2.3p.4p,1D,2,3s2.3p.4d,1D*,2,E1,T6066,
,1587.1577,,3.97e-07,D,0.0,6298.85,3s2.3p2,3P,0,3s2.3p2,1D,2,E2,"c22,T4209",
,1588.4454,,2490000.0,C,48020.074,54313.818,3s2.3p.4p,3D,1,3s2.3p.5s,3P*,1,E1,T5071LS,
1588.839,1588.841,190,8770000.0,B,40991.884,47284.061,3s2.3p.4s,1P*,1,3s2.3p.4p,1P,1,E1,T8363c22,L4745
1596.004,1596.0063,40,8240000.0,C+,48264.292,54528.22,3s2.3p.4p,3D,3,3s2.3p.5s,3P*,2,E1,T5071LS,L4745
,1605.565,,720000.0,E,56978.256,63204.89,3s2.3p.5p,3D,1,3s2.3p.7d,3F*,2,E1,T6066LS,
1606.003,1606.0009,95,9620000.0,C,48020.074,54245.02,3s2.3p.4p,3D,1,3s2.3p.5s,3P*,0,E1,T5071LS,L4745
,1606.8297,,4.02e-06,D,77.115,6298.85,3s2.3p2,3P,1,3s2.3p2,1D,2,E2,"c22,T4209",
,1606.8297,,0.00071,D,77.115,6298.85,3s2.3p2,3P,1,3s2.3p2,1D,2,M1,"c22,T4209",
1609.48,1609.4787,20,7160000.0,C+,48102.323,54313.818,3s2.3p.4p,3D,2,3s2.3p.5s,3P*,1,E1,T5071LS,L4745
,1612.902,,589000.0,D,57583.657,63781.97,3s2.3p.4d,3F*,4,3s2.3p.(2P*<3/2>).7f,2[9/2],5,E1,T6066LS',
,1615.748,,131000.0,E,57017.496,63204.89,3s2.3p.5p,3D,2,3s2.3p.7d,3F*,2,E1,T6066LS,
1616.371,1616.3691,60,726000.0,C+,48020.074,54205.09,3s2.3p.4p,3D,1,3s2.3p.3d,3D*,2,E1,T8363c22,L4745
,1618.648,,209000.0,D,54528.22,60704.53,3s2.3p.5s,3P*,2,3s2.3p.(2P*<3/2>).6p<3/2>,"(3/2,3/2)",3,E1,T6066LS',
1621.568,1621.567,11,2250000.0,C+,48020.074,54185.264,3s2.3p.4p,3D,1,3s2.3p.3d,3D*,1,E1,T8363c22,L4745
,1624.1833,,628000.0,C+,48102.323,54257.582,3s2.3p.4p,3D,2,3s2.3p.3d,3D*,3,E1,T8363c22,
,1627.511,,91900.0,E,57198.027,63340.7,3s2.3p.5p,3D,3,3s2.3p.7d,3F*,3,E1,T6066LS,
,1638.0177,,4160000.0,C+,47284.061,53387.334,3s2.3p.4p,1P,1,3s2.3p.3d,1P*,1,E1,T8363c22,
1638.155,1638.1535,16,2020000.0,C+,48102.323,54205.09,3s2.3p.4p,3D,2,3s2.3p.3d,3D*,2,E1,T8363c22,L4745
,1643.4927,,713000.0,C+,48102.323,54185.264,3s2.3p.4p,3D,2,3s2.3p.3d,3D*,1,E1,T8363c22,
,1645.4533,,2.32e-05,D+,223.157,6298.85,3s2.3p2,3P,2,3s2.3p2,1D,2,E2,"c22,T4209",
,1645.4533,,0.00199,D,223.157,6298.85,3s2.3p2,3P,2,3s2.3p2,1D,2,M1,"c22,T4209",
,1664.308,,3400.0,E,57198.027,63204.89,3s2.3p.5p,3D,3,3s2.3p.7d,3F*,2,E1,T6066LS,
1668.077,1668.077,29,2790000.0,B,48264.292,54257.582,3s2.3p.4p,3D,3,3s2.3p.3d,3D*,3,E1,T8363c22,L4745
,1682.8159,,459000.0,C+,48264.292,54205.09,3s2.3p.4p,3D,3,3s2.3p.3d,3D*,2,E1,T8363c22,
1732.729,,28,,,,,,,,,,,E1,,L4745
,1775.74,,113000.0,E,57295.881,62925.8,3s2.3p.5p,3P,0,3s2.3p.6d,3D*,1,E1,T6066LS,
,1786.18,,83400.0,E,57328.789,62925.8,3s2.3p.5p,3P,1,3s2.3p.6d,3D*,1,E1,T6066LS,
,1828.36,,187000.0,D+,57468.239,62936.14,3s2.3p.5p,3P,2,3s2.3p.6d,3D*,3,E1,T6066LS,
,1828.45,,1560000.0,C,49060.601,54528.22,3s2.3p.4p,3P,1,3s2.3p.5s,3P*,2,E1,T6066LS,
,1831.82,,5170.0,E,57468.239,62925.8,3s2.3p.5p,3P,2,3s2.3p.6d,3D*,1,E1,T6066LS,
,1835.64,,139000.0,D,57328.789,62774.99,3s2.3p.5p,3P,1,3s2.3p.6d,3D*,2,E1,T6066LS,
,1857.21,,772000.0,C,57583.657,62966.61,3s2.3p.4d,3F*,4,3s2.3p.(2P*<3/2>).6f,2[9/2],5,E1,T6066LS',
,1859.477,,1370000.0,D+,56780.427,62156.816,3s2.3p.5p,1P,1,3s2.3p.6d,1D*,2,E1,T6066,
,1861.11,,1280000.0,C,56978.256,62349.93,3s2.3p.5p,3D,1,3s2.3p.6d,3F*,2,E1,T6066LS,
,1862.639,,638.0,E,48020.074,53387.334,3s2.3p.4p,3D,1,3s2.3p.3d,1P*,1,E1,T8363c22,
,1865.398,,1340000.0,C,57017.496,62376.82,3s2.3p.5p,3D,2,3s2.3p.6d,3F*,3,E1,T6066LS,
1872.29,1872.287,26,4340000.0,C+,49188.617,54528.22,3s2.3p.4p,3P,2,3s2.3p.5s,3P*,2,E1,T6066LS,L4745
,1873.53,,1490000.0,C+,57198.027,62534.08,3s2.3p.5p,3D,3,3s2.3p.6d,3F*,4,E1,T6066LS,
,1874.8,,231000.0,D,57017.496,62349.93,3s2.3p.5p,3D,2,3s2.3p.6d,3F*,2,E1,T6066LS,
,1883.88,,42600.0,E,57468.239,62774.99,3s2.3p.5p,3P,2,3s2.3p.6d,3D*,2,E1,T6066LS,
,1891.444,,1870000.0,C,49028.294,54313.818,3s2.3p.4p,3P,0,3s2.3p.5s,3P*,1,E1,T6066LS,
,1891.627,,20200.0,D,48102.323,53387.334,3s2.3p.4p,3D,2,3s2.3p.3d,1P*,1,E1,T8363c22,
,1900.65,,21000.0,D+,48102.323,53362.24,3s2.3p.4p,3D,2,3s2.3p.3d,1F*,3,E1,T8363c22,
,1903.076,,1380000.0,C,49060.601,54313.818,3s2.3p.4p,3P,1,3s2.3p.5s,3P*,1,E1,T6066LS,
,1928.33,,5290000.0,C,49060.601,54245.02,3s2.3p.4p,3P,1,3s2.3p.5s,3P*,0,E1,T6066LS,
,1930.425,,152000.0,D+,57198.027,62376.82,3s2.3p.5p,3D,3,3s2.3p.6d,3F*,3,E1,T6066LS,
1938.594,1938.594,15,3430000.0,B,49028.294,54185.264,3s2.3p.4p,3P,0,3s2.3p.3d,3D*,1,E1,T8363c22,L4745
,1940.5,,5900.0,E,57198.027,62349.93,3s2.3p.5p,3D,3,3s2.3p.6d,3F*,2,E1,T6066LS,
1943.297,1943.297,48,4420000.0,B,49060.601,54205.09,3s2.3p.4p,3P,1,3s2.3p.3d,3D*,2,E1,T8363c22,L4745
1949.338,1949.337,13,1370000.0,C,49399.67,54528.22,3s2.3p.4p,3S,1,3s2.3p.5s,3P*,2,E1,T6066LS,L4745
,1950.61,,2130000.0,C,49188.617,54313.818,3s2.3p.4p,3P,2,3s2.3p.5s,3P*,1,E1,T6066LS,
,1950.815,,2570000.0,C+,49060.601,54185.264,3s2.3p.4p,3P,1,3s2.3p.3d,3D*,1,E1,T8363c22,
,1961.04,,11200.0,D+,48264.292,53362.24,3s2.3p.4p,3D,3,3s2.3p.3d,1F*,3,E1,T8363c22,
1972.25,1972.251,110,5790000.0,B,49188.617,54257.582,3s2.3p.4p,3P,2,3s2.3p.3d,3D*,3,E1,T8363c22,L4745
1992.888,1992.888,31,1570000.0,B,49188.617,54205.09,3s2.3p.4p,3P,2,3s2.3p.3d,3D*,2,E1,T8363c22,L4745
,1997.38,,1250000.0,C,54185.264,59190.46,3s2.3p.3d,3D*,1,3s2.3p.(2P*<3/2>).4f,2[3/2],1,E1,T6066LS',
,1997.54,,483000.0,D+,57798.072,62802.86,3s2.3p.5p,1D,2,3s2.3p.6d,1F*,3,E1,T6066,
,,intens,,Acc,,,conf_i,term_i,J_i,conf_k,term_k,J_k,Type,tp_ref,line_ref
,2001.342,,184000.0,C+,49188.617,54185.264,3s2.3p.4p,3P,2,3s2.3p.3d,3D*,1,E1,T8363c22,
,2005.87,,412000.0,D+,54205.09,59190.46,3s2.3p.3d,3D*,2,3s2.3p.(2P*<3/2>).4f,2[3/2],1,E1,T6066LS',
,2030.735,,1970000.0,D+,53387.334,58311.659,3s2.3p.3d,1P*,1,3s2.3p.5p,1S,0,E1,T6066,
,2034.941,,1200000.0,C,49399.67,54313.818,3s2.3p.4p,3S,1,3s2.3p.5s,3P*,1,E1,T6066LS,
,2035.333,,2.17,E,45276.188,50189.389,3s.3p3,3D*,1,3s2.3p.4p,1D,2,E1,T8363c22,
,2042.584,,97.3,E,45293.629,50189.389,3s.3p3,3D*,2,3s2.3p.4p,1D,2,E1,T8363c22,
,2054.425,,3370.0,D,45321.848,50189.389,3s.3p3,3D*,3,3s2.3p.4p,1D,2,E1,T8363c22,
,2063.834,,1150000.0,D+,49399.67,54245.02,3s2.3p.4p,3S,1,3s2.3p.5s,3P*,0,E1,T6066LS,
2092.284,,12,,,,,,,,,,,E1,,L4745
2136.007,2136.003,21,6070000.0,C+,50189.389,54871.031,3s2.3p.4p,1D,2,3s2.3p.5s,1P*,1,E1,T6066,L4745
,2155.06,,60800.0,E,57295.881,61936.13,3s2.3p.5p,3P,0,3s2.3p.5d,3P*,1,E1,T6066LS,
,2159.14,,182000.0,E,57328.789,61960.26,3s2.3p.5p,3P,1,3s2.3p.5d,3P*,0,E1,T6066LS,
,2170.45,,44700.0,E,57328.789,61936.13,3s2.3p.5p,3P,1,3s2.3p.5d,3P*,1,E1,T6066LS,
2206.873,,12,,,,,,,,,,,E1,,L4745
,2215.75,,42100.0,D,57328.789,61841.94,3s2.3p.5p,3P,1,3s2.3p.5d,3P*,2,E1,T6066LS,
,2238.19,,68100.0,D,57468.239,61936.13,3s2.3p.5p,3P,2,3s2.3p.5d,3P*,1,E1,T6066LS,
,2254.37,,1170000.0,C,53362.24,57798.072,3s2.3p.3d,1F*,3,3s2.3p.5p,1D,2,E1,T6066,
,2263.29,,167000.0,D,57541.918,61960.26,3s2.3p.5p,3S,1,3s2.3p.5d,3P*,0,E1,T6066LS,
,2267.194,,723000.0,C,53387.334,57798.072,3s2.3p.3d,1P*,1,3s2.3p.5p,1D,2,E1,T6066,
,2275.72,,165000.0,D,57541.918,61936.13,3s2.3p.5p,3S,1,3s2.3p.5d,3P*,1,E1,T6066LS,
,2286.39,,115000.0,D+,57468.239,61841.94,3s2.3p.5p,3P,2,3s2.3p.5d,3P*,2,E1,T6066LS,
,2294.083,,95700.0,C,49028.294,53387.334,3s2.3p.4p,3P,0,3s2.3p.3d,1P*,1,E1,T8363c22,
,2294.239,,196000.0,D,57798.072,62156.816,3s2.3p.5p,1D,2,3s2.3p.6d,1D*,2,E1,T6066,
,2296.43,,472000.0,D+,58311.659,62666.25,3s2.3p.5p,1S,0,3s2.3p.6d,1P*,1,E1,T6066,
,2311.213,,22100.0,D+,49060.601,53387.334,3s2.3p.4p,3P,1,3s2.3p.3d,1P*,1,E1,T8363c22,
,2325.57,,154000.0,D+,57541.918,61841.94,3s2.3p.5p,3S,1,3s2.3p.5d,3P*,2,E1,T6066LS,
,2371.98,,69900.0,E,57295.881,61511.77,3s2.3p.5p,3P,0,3s2.3p.5d,3D*,1,E1,T6066LS,
,2381.68,,546.0,E,49188.617,53387.334,3s2.3p.4p,3P,2,3s2.3p.3d,1P*,1,E1,T8363c22,
,2390.64,,51200.0,E,57328.789,61511.77,3s2.3p.5p,3P,1,3s2.3p.5d,3D*,1,E1,T6066LS,
,2396.0,,60600.0,C+,49188.617,53362.24,3s2.3p.4p,3P,2,3s2.3p.3d,1F*,3,E1,T8363c22,
,2427.73,,88300.0,D,57328.789,61447.86,3s2.3p.5p,3P,1,3s2.3p.5d,3D*,2,E1,T6066LS,
,2435.119,,117000.0,D+,57468.239,61574.814,3s2.3p.5p,3P,2,3s2.3p.5d,3D*,3,E1,T6066LS,
,2458.094,,70100.0,C+,50189.389,54257.582,3s2.3p.4p,1D,2,3s2.3p.3d,3D*,3,E1,T8363c22,
,2473.09,,3090.0,E,57468.239,61511.77,3s2.3p.5p,3P,2,3s2.3p.5d,3D*,1,E1,T6066LS,
,2480.95,,740000.0,C+,57583.657,61614.37,3s2.3p.4d,3F*,4,3s2.3p.(2P*<3/2>).5f,2[9/2],5,E1,T6066LS',
,2490.225,,389.0,E,50189.389,54205.09,3s2.3p.4p,1D,2,3s2.3p.3d,3D*,2,E1,T8363c22,
,2502.581,,7960.0,D,50189.389,54185.264,3s2.3p.4p,1D,2,3s2.3p.3d,3D*,1,E1,T8363c22,
,2507.734,,4920.0,D,49399.67,53387.334,3s2.3p.4p,3S,1,3s2.3p.3d,1P*,1,E1,T8363c22,
,2512.8,,26500.0,D,57468.239,61447.86,3s2.3p.5p,3P,2,3s2.3p.5d,3D*,2,E1,T6066LS,
,2529.23,,53400.0,D,59032.19,62985.96,3s2.3p.4d,3D*,2,3s2.3p.(2P*<3/2>).6f,2[3/2],1,E1,T6066LS',
,2544.88,,158000.0,D+,59056.508,62985.96,3s2.3p.4d,3D*,1,3s2.3p.(2P*<3/2>).6f,2[3/2],1,E1,T6066LS',
,2555.957,,6260.0,C,45276.188,49188.617,3s.3p3,3D*,1,3s2.3p.4p,3P,2,E1,T8363c22,
,2567.402,,86600.0,C,45293.629,49188.617,3s.3p3,3D*,2,3s2.3p.4p,3P,2,E1,T8363c22,
,2586.138,,427000.0,C+,45321.848,49188.617,3s.3p3,3D*,3,3s2.3p.4p,3P,2,E1,T8363c22,
,2642.418,,124000.0,C,45276.188,49060.601,3s.3p3,3D*,1,3s2.3p.4p,3P,1,E1,T8363c22,
,2654.652,,342000.0,C+,45293.629,49060.601,3s.3p3,3D*,2,3s2.3p.4p,3P,1,E1,T8363c22,
,2665.17,,492000.0,C,45276.188,49028.294,3s.3p3,3D*,1,3s2.3p.4p,3P,0,E1,T8363c22,
,2711.52,,2440000.0,B,57017.496,60705.464,3s2.3p.5p,3D,2,3s2.3p.5d,3F*,3,E1,T6066LS,
,2726.887,,2270000.0,B,56978.256,60645.441,3s2.3p.5p,3D,1,3s2.3p.5d,3F*,2,E1,T6066LS,
,2739.036,,2660000.0,B,57198.027,60848.946,3s2.3p.5p,3D,3,3s2.3p.5d,3F*,4,E1,T6066LS,
,2756.381,,407000.0,C,57017.496,60645.441,3s2.3p.5p,3D,2,3s2.3p.5d,3F*,2,E1,T6066LS,
,2758.5,,570000.0,C+,57798.072,61423.23,3s2.3p.5p,1D,2,3s2.3p.5d,1F*,3,E1,T6066,
,2840.56,,3270000.0,B,56780.427,60300.86,3s2.3p.5p,1P,1,3s2.3p.5d,1D*,2,E1,T6066,
,2851.085,,263000.0,C,57198.027,60705.464,3s2.3p.5p,3D,3,3s2.3p.5d,3F*,3,E1,T6066LS,
,2900.725,,9870.0,E,57198.027,60645.441,3s2.3p.5p,3D,3,3s2.3p.5d,3F*,2,E1,T6066LS,
,2906.446,,1960000.0,C,54871.031,58311.659,3s2.3p.5s,1P*,1,3s2.3p.5p,1S,0,E1,T6066,
,2915.96,,287000.0,D+,60704.53,64133.93,3s2.3p.(2P*<3/2>).6p<3/2>,"(3/2,3/2)",3,3s2.3p.8d,3F*,4,E1,T6066LS',
,3000.99,,783.0,E,57372.297,60704.53,3s2.3p.4d,3F*,2,3s2.3p.(2P*<3/2>).6p<3/2>,"(3/2,3/2)",3,E1,T6066LS',
,3033.154,,457000.0,C,54245.02,57541.918,3s2.3p.5s,3P*,0,3s2.3p.5p,3S,1,E1,T6066LS,
,3046.018,,12200.0,E,54185.264,57468.239,3s2.3p.3d,3D*,1,3s2.3p.5p,3P,2,E1,T6066LS,
,3064.524,,179000.0,C,54205.09,57468.239,3s2.3p.3d,3D*,2,3s2.3p.5p,3P,2,E1,T6066LS,
,3068.408,,145000.0,D+,51612.012,54871.031,3s2.3p.4p,1S,0,3s2.3p.5s,1P*,1,E1,T6066,
,3073.19,,25900.0,D,57450.58,60704.53,3s2.3p.4d,3F*,3,3s2.3p.(2P*<3/2>).6p<3/2>,"(3/2,3/2)",3,E1,T6066LS',
,3085.88,,27000.0,E,60704.53,63945.1,3s2.3p.(2P*<3/2>).6p<3/2>,"(3/2,3/2)",3,3s2.3p.8d,3F*,3,E1,T6066LS',
,3097.797,,1290000.0,C+,54313.818,57541.918,3s2.3p.5s,3P*,1,3s2.3p.5p,3S,1,E1,T6066LS,
,3114.627,,955000.0,C+,54257.582,57468.239,3s2.3p.3d,3D*,3,3s2.3p.5p,3P,2,E1,T6066LS,
,3127.008,,152000.0,C+,50189.389,53387.334,3s2.3p.4p,1D,2,3s2.3p.3d,1P*,1,E1,T8363c22,
,3151.74,,2250000.0,B,50189.389,53362.24,3s2.3p.4p,1D,2,3s2.3p.3d,1F*,3,E1,T8363c22,
,3168.66,,986.0,E,60704.53,63860.44,3s2.3p.(2P*<3/2>).6p<3/2>,"(3/2,3/2)",3,3s2.3p.8d,3F*,2,E1,T6066LS',
,3170.154,,980000.0,C+,54313.818,57468.239,3s2.3p.5s,3P*,1,3s2.3p.5p,3P,2,E1,T6066LS,
,3181.142,,267000.0,C,54185.264,57328.789,3s2.3p.3d,3D*,1,3s2.3p.5p,3P,1,E1,T6066LS,
,3201.333,,785000.0,C+,54205.09,57328.789,3s2.3p.3d,3D*,2,3s2.3p.5p,3P,1,E1,T6066LS,
,3204.23,,264000.0,C,57583.657,60704.53,3s2.3p.4d,3F*,4,3s2.3p.(2P*<3/2>).6p<3/2>,"(3/2,3/2)",3,E1,T6066LS',
,3214.796,,1030000.0,C,54185.264,57295.881,3s2.3p.3d,3D*,1,3s2.3p.5p,3P,0,E1,T6066LS,
,3242.785,,1220000.0,C+,54245.02,57328.789,3s2.3p.5s,3P*,0,3s2.3p.5p,3P,1,E1,T6066LS,
,3258.79,,9110.0,E,59917.336,62985.96,3s2.3p.nd,a 3P*,2,3s2.3p.(2P*<3/2>).6f,2[3/2],1,E1,T6066LS',
,3263.45,,110000.0,D,56978.256,60042.5,3s2.3p.5p,3D,1,3s2.3p.nd,a 3P*,0,E1,T6066LS,
,3297.933,,26700.0,D,56978.256,60010.458,3s2.3p.5p,3D,1,3s2.3p.nd,a 3P*,1,E1,T6066LS,
,3316.781,,855000.0,C+,54313.818,57328.789,3s2.3p.5s,3P*,1,3s2.3p.5p,3P,1,E1,T6066LS,
,3318.183,,1750000.0,B,54528.22,57541.918,3s2.3p.5s,3P*,2,3s2.3p.5p,3S,1,E1,T6066LS,
,3340.0,,749000.0,C+,58311.659,61305.67,3s2.3p.5p,1S,0,3s2.3p.5d,1P*,1,E1,T6066,
,3341.172,,77100.0,D+,57017.496,60010.458,3s2.3p.5p,3D,2,3s2.3p.nd,a 3P*,1,E1,T6066LS,
,3341.2,,26800.0,D+,54205.09,57198.027,3s2.3p.3d,3D*,2,3s2.3p.5p,3D,3,E1,T6066LS,
,3353.383,,3310000.0,C+,54313.818,57295.881,3s2.3p.5s,3P*,1,3s2.3p.5p,3P,0,E1,T6066LS,
,3360.78,,125000.0,D+,60010.458,62985.96,3s2.3p.nd,a 3P*,1,3s2.3p.(2P*<3/2>).6f,2[3/2],1,E1,T6066LS',
,3366.252,,5810.0,C,45293.629,48264.292,3s.3p3,3D*,2,3s2.3p.4p,3D,3,E1,T8363c22,
,3397.36,,161000.0,C,60042.5,62985.96,3s2.3p.nd,a 3P*,0,3s2.3p.(2P*<3/2>).6f,2[3/2],1,E1,T6066LS',
,3398.535,,46200.0,C,45321.848,48264.292,3s.3p3,3D*,3,3s2.3p.4p,3D,3,E1,T8363c22,
,3400.846,,202000.0,C,54257.582,57198.027,3s2.3p.3d,3D*,3,3s2.3p.5p,3D,3,E1,T6066LS,
,3401.339,,2380000.0,B,54528.22,57468.239,3s2.3p.5s,3P*,2,3s2.3p.5p,3P,2,E1,T6066LS,
,3402.425,,975.0,E,56978.256,59917.336,3s2.3p.5p,3D,1,3s2.3p.nd,a 3P*,2,E1,T6066LS,
,3409.45,,108000.0,D+,60848.946,63781.97,3s2.3p.5d,3F*,4,3s2.3p.(2P*<3/2>).7f,2[9/2],5,E1,T6066LS',
,3416.42,,2610000.0,B,54871.031,57798.072,3s2.3p.5s,1P*,1,3s2.3p.5p,1D,2,E1,T6066,
,3448.466,,14000.0,D,57017.496,59917.336,3s2.3p.5p,3D,2,3s2.3p.nd,a 3P*,2,E1,T6066LS,
,3501.106,,2670000.0,C,56780.427,59636.667,3s2.3p.5p,1P,1,3s2.3p.(2P*<3/2>).6s<1/2>,"(3/2,1/2)*",1,E1,T6066LS',
,3523.813,,135000.0,C+,47351.554,50189.389,3s2.3p.3d,1D*,2,3s2.3p.4p,1D,2,E1,T8363c22,
,3530.784,,30600.0,D+,54185.264,57017.496,3s2.3p.3d,3D*,1,3s2.3p.5p,3D,2,E1,T6066LS,
,3538.401,,6380.0,C,45276.188,48102.323,3s.3p3,3D*,1,3s2.3p.4p,3D,2,E1,T8363c22,
,3555.674,,139000.0,C,54205.09,57017.496,3s2.3p.3d,3D*,2,3s2.3p.5p,3D,2,E1,T6066LS,
,3558.72,,438000.0,C,60704.53,63514.533,3s2.3p.(2P*<3/2>).6p<3/2>,"(3/2,3/2)",3,3s2.3p.7d,3F*,4,E1,T6066LS',
,3560.374,,27900.0,C,45293.629,48102.323,3s.3p3,3D*,2,3s2.3p.4p,3D,2,E1,T8363c22,
,3570.703,,1140000.0,C+,54528.22,57328.789,3s2.3p.5s,3P*,2,3s2.3p.5p,3P,1,E1,T6066LS,
,3580.39,,147000.0,C,54185.264,56978.256,3s2.3p.3d,3D*,1,3s2.3p.5p,3D,1,E1,T6066LS,
,3596.508,,11600.0,C,45321.848,48102.323,3s.3p3,3D*,3,3s2.3p.4p,3D,2,E1,T8363c22,
,3605.987,,47800.0,D+,54205.09,56978.256,3s2.3p.3d,3D*,2,3s2.3p.5p,3D,1,E1,T6066LS,
,3623.301,,29400.0,D+,54257.582,57017.496,3s2.3p.3d,3D*,3,3s2.3p.5p,3D,2,E1,T6066LS,
,3644.466,,27700.0,C,45276.188,48020.074,3s.3p3,3D*,1,3s2.3p.4p,3D,1,E1,T8363c22,
,3658.667,,1520000.0,B,54245.02,56978.256,3s2.3p.5s,3P*,0,3s2.3p.5p,3D,1,E1,T6066LS,
,3667.78,,14600.0,C,45293.629,48020.074,3s.3p3,3D*,2,3s2.3p.4p,3D,1,E1,T8363c22,
,3677.405,,64800.0,D+,57198.027,59917.336,3s2.3p.5p,3D,3,3s2.3p.nd,a 3P*,2,E1,T6066LS,
,3683.815,,555000.0,C+,57295.881,60010.458,3s2.3p.5p,3P,0,3s2.3p.nd,a 3P*,1,E1,T6066LS,
,3684.99,,1670000.0,C+,57328.789,60042.5,3s2.3p.5p,3P,1,3s2.3p.nd,a 3P*,0,E1,T6066LS,
,3698.665,,1980000.0,B,54313.818,57017.496,3s2.3p.5s,3P*,1,3s2.3p.5p,3D,2,E1,T6066LS,
,3729.021,,401000.0,C,57328.789,60010.458,3s2.3p.5p,3P,1,3s2.3p.nd,a 3P*,1,E1,T6066LS,
,3745.589,,2550000.0,B+,54528.22,57198.027,3s2.3p.5s,3P*,2,3s2.3p.5p,3D,3,E1,T6066LS,
,3753.137,,1060000.0,C+,54313.818,56978.256,3s2.3p.5s,3P*,1,3s2.3p.5p,3D,1,E1,T6066LS,
,3793.38,,40200.0,E,60704.53,63340.7,3s2.3p.(2P*<3/2>).6p<3/2>,"(3/2,3/2)",3,3s2.3p.7d,3F*,3,E1,T6066LS',
,3823.09,,110000.0,C,59032.19,61647.875,3s2.3p.4d,3D*,2,3s2.3p.(2P*<3/2>).5f,2[3/2],2,E1,T6066LS',
,3858.967,,319000.0,C,59056.508,61647.875,3s2.3p.4d,3D*,1,3s2.3p.(2P*<3/2>).5f,2[3/2],2,E1,T6066LS',
,3863.171,,362000.0,C+,57328.789,59917.336,3s2.3p.5p,3P,1,3s2.3p.nd,a 3P*,2,E1,T6066LS,
,3872.42,,11400.0,C,48020.074,50602.44,3s2.3p.4p,3D,1,3s2.3p.3d,3P*,0,E1,T8363c22,
,3886.133,,27700.0,C+,51612.012,54185.264,3s2.3p.4p,1S,0,3s2.3p.3d,3D*,1,E1,T8363c22,
,3895.949,,3790.0,D+,47284.061,49850.83,3s2.3p.4p,1P,1,3s2.3p.3d,3F*,2,E1,T8363c22,
,3927.232,,4610.0,C,48020.074,50566.397,3s2.3p.4p,3D,1,3s2.3p.3d,3P*,1,E1,T8363c22,
,3933.571,,570000.0,C+,57468.239,60010.458,3s2.3p.5p,3P,2,3s2.3p.nd,a 3P*,1,E1,T6066LS,
,3955.535,,27900.0,E,56978.256,59506.359,3s2.3p.5p,3D,1,3s2.3p.(2P*<3/2>).6s<1/2>,"(3/2,1/2)*",2,E1,T6066LS',
,3968.95,,43400.0,D,61614.37,64133.93,3s2.3p.(2P*<3/2>).5f,2[9/2],5,3s2.3p.8d,3F*,4,E1,T6066LS',
,3995.544,,877000.0,B,57798.072,60300.86,3s2.3p.5p,1D,2,3s2.3p.5d,1D*,2,E1,T6066,
,3999.07,,1730000.0,C+,57541.918,60042.5,3s2.3p.5p,3S,1,3s2.3p.nd,a 3P*,0,E1,T6066LS,
,3999.42,,1350.0,E,60704.53,63204.89,3s2.3p.(2P*<3/2>).6p<3/2>,"(3/2,3/2)",3,3s2.3p.7d,3F*,2,E1,T6066LS',
,4000.71,,59500.0,D,56690.903,59190.46,3s2.3p.4d,3P*,2,3s2.3p.(2P*<3/2>).4f,2[3/2],1,E1,T6066LS',
,4015.73,,881000.0,C+,56700.25,59190.46,3s2.3p.4d,3P*,1,3s2.3p.(2P*<3/2>).4f,2[3/2],1,E1,T6066LS',
,4017.232,,517000.0,C+,54528.22,57017.496,3s2.3p.5s,3P*,2,3s2.3p.5p,3D,2,E1,T6066LS,
,4017.899,,397000.0,D,57017.496,59506.359,3s2.3p.5p,3D,2,3s2.3p.(2P*<3/2>).6s<1/2>,"(3/2,1/2)*",2,E1,T6066LS',
,4032.642,,584.0,C,48020.074,50499.838,3s2.3p.4p,3D,1,3s2.3p.3d,3P*,2,E1,T8363c22,
,4050.978,,1660000.0,B,57541.918,60010.458,3s2.3p.5p,3S,1,3s2.3p.nd,a 3P*,1,E1,T6066LS,
,4058.32,,7000.0,C,48102.323,50566.397,3s2.3p.4p,3D,2,3s2.3p.3d,3P*,1,E1,T8363c22,
,4069.87,,1130000.0,C+,56733.38,59190.46,3s2.3p.4d,3P*,0,3s2.3p.(2P*<3/2>).4f,2[3/2],1,E1,T6066LS',
,4081.573,,54700.0,D+,54528.22,56978.256,3s2.3p.5s,3P*,2,3s2.3p.5p,3D,1,E1,T6066LS,
,4083.138,,916000.0,B,57468.239,59917.336,3s2.3p.5p,3P,2,3s2.3p.nd,a 3P*,2,E1,T6066LS,
,4170.985,,4450.0,C+,48102.323,50499.838,3s2.3p.4p,3D,2,3s2.3p.3d,3P*,2,E1,T8363c22,
,4209.79,,1480000.0,B,57541.918,59917.336,3s2.3p.5p,3S,1,3s2.3p.nd,a 3P*,2,E1,T6066LS,
,4332.13,,1780000.0,C,57198.027,59506.359,3s2.3p.5p,3D,3,3s2.3p.(2P*<3/2>).6s<1/2>,"(3/2,1/2)*",2,E1,T6066LS',
,4356.69,,520000.0,D,56978.256,59273.575,3s2.3p.5p,3D,1,3s2.3p.(2P*<1/2>).6s<1/2>,"(1/2,1/2)*",1,E1,T6066LS',
,4432.47,,1480000.0,C,57017.496,59273.575,3s2.3p.5p,3D,2,3s2.3p.(2P*<1/2>).6s<1/2>,"(1/2,1/2)*",1,E1,T6066LS',
,4458.6,,1940000.0,D+,56978.256,59221.11,3s2.3p.5p,3D,1,3s2.3p.(2P*<1/2>).6s<1/2>,"(1/2,1/2)*",0,E1,T6066LS',
,4473.18,,8580.0,C+,48264.292,50499.838,3s2.3p.4p,3D,3,3s2.3p.3d,3P*,2,E1,T8363c22,
,4592.27,,361000.0,D+,57328.789,59506.359,3s2.3p.5p,3P,1,3s2.3p.(2P*<3/2>).6s<1/2>,"(3/2,1/2)*",2,E1,T6066LS',
,4722.18,,62900.0,C+,60848.946,62966.61,3s2.3p.5d,3F*,4,3s2.3p.(2P*<3/2>).6f,2[9/2],5,E1,T6066LS',
,4760.69,,66800.0,C,57017.496,59118.03,3s2.3p.5p,3D,2,3s2.3p.4d,3D*,3,E1,T6066LS,
,4811.74,,435000.0,C+,56978.256,59056.508,3s2.3p.5p,3D,1,3s2.3p.4d,3D*,1,E1,T6066LS,
,4868.71,,84200.0,C,56978.256,59032.19,3s2.3p.5p,3D,1,3s2.3p.4d,3D*,2,E1,T6066LS,
,4904.34,,137000.0,C,57017.496,59056.508,3s2.3p.5p,3D,2,3s2.3p.4d,3D*,1,E1,T6066LS,
,4906.48,,884000.0,C,57468.239,59506.359,3s2.3p.5p,3P,2,3s2.3p.(2P*<3/2>).6s<1/2>,"(3/2,1/2)*",2,E1,T6066LS',
,4947.8,,252000.0,C+,56780.427,58801.529,3s2.3p.5p,1P,1,3s2.3p.4d,1P*,1,E1,T6066,
,4963.53,,368000.0,B,57017.496,59032.19,3s2.3p.5p,3D,2,3s2.3p.4d,3D*,2,E1,T6066LS,
,5056.39,,359000.0,D+,57295.881,59273.575,3s2.3p.5p,3P,0,3s2.3p.(2P*<1/2>).6s<1/2>,"(1/2,1/2)*",1,E1,T6066LS',
,5090.51,,352000.0,D+,57541.918,59506.359,3s2.3p.5p,3S,1,3s2.3p.(2P*<3/2>).6s<1/2>,"(3/2,1/2)*",2,E1,T6066LS',
,5124.1,,7660.0,E,61841.94,63793.52,3s2.3p.5d,3P*,2,3s2.3p.(2P*<3/2>).7f,2[3/2],1,E1,T6066LS',
,5141.95,,257000.0,D,57328.789,59273.575,3s2.3p.5p,3P,1,3s2.3p.(2P*<1/2>).6s<1/2>,"(1/2,1/2)*",1,E1,T6066LS',
,5208.3,,408000.0,B,57198.027,59118.03,3s2.3p.5p,3D,3,3s2.3p.4d,3D*,3,E1,T6066LS,
,5237.26,,1320000.0,B,54871.031,56780.427,3s2.3p.5s,1P*,1,3s2.3p.5p,1P,1,E1,T6066,
,5262.7,,77400.0,D+,61614.37,63514.533,3s2.3p.(2P*<3/2>).5f,2[9/2],5,3s2.3p.7d,3F*,4,E1,T6066LS',
,5284.5,,946000.0,D+,57328.789,59221.11,3s2.3p.5p,3P,1,3s2.3p.(2P*<1/2>).6s<1/2>,"(1/2,1/2)*",0,E1,T6066LS',
,5383.9,,99400.0,D,61936.13,63793.52,3s2.3p.5d,3P*,1,3s2.3p.(2P*<3/2>).7f,2[3/2],1,E1,T6066LS',
,5438.94,,1320000.0,C,57798.072,59636.667,3s2.3p.5p,1D,2,3s2.3p.(2P*<3/2>).6s<1/2>,"(3/2,1/2)*",1,E1,T6066LS',
,5443.47,,216.0,D,47351.554,49188.617,3s2.3p.3d,1D*,2,3s2.3p.4p,3P,2,E1,T8363c22,
,5452.1,,62200.0,C,57198.027,59032.19,3s2.3p.5p,3D,3,3s2.3p.4d,3D*,2,E1,T6066LS,
,5454.8,,127000.0,D+,61960.26,63793.52,3s2.3p.5d,3P*,0,3s2.3p.(2P*<3/2>).7f,2[3/2],1,E1,T6066LS',
,5460.15,,211000.0,B,48102.323,49933.775,3s2.3p.4p,3D,2,3s2.3p.3d,3F*,3,E1,T8363c22,
,5462.22,,198000.0,B,48020.074,49850.83,3s2.3p.4p,3D,1,3s2.3p.3d,3F*,2,E1,T8363c22,
,5465.8,,686000.0,B+,60704.53,62534.08,3s2.3p.(2P*<3/2>).6p<3/2>,"(3/2,3/2)",3,3s2.3p.6d,3F*,4,E1,T6066LS',
,5539.14,,342000.0,D+,57468.239,59273.575,3s2.3p.5p,3P,2,3s2.3p.(2P*<1/2>).6s<1/2>,"(1/2,1/2)*",1,E1,T6066LS',
,5585.0,,221000.0,B,48264.292,50054.8,3s2.3p.4p,3D,3,3s2.3p.3d,3F*,4,E1,T8363c22,
,5631.9,,406.0,E,60645.441,62421.03,3s2.3p.5d,3F*,2,3s2.3p.(2P*<3/2>).7p<3/2>,"(3/2,3/2)",3,E1,T6066LS',
,5632.78,,248000.0,B,51612.012,53387.334,3s2.3p.4p,1S,0,3s2.3p.3d,1P*,1,E1,T8363c22,
,5679.79,,645000.0,B,57295.881,59056.508,3s2.3p.5p,3P,0,3s2.3p.4d,3D*,1,E1,T6066LS,
,5719.16,,31300.0,C+,48102.323,49850.83,3s2.3p.4p,3D,2,3s2.3p.3d,3F*,2,E1,T8363c22,
,5774.82,,242000.0,D+,57541.918,59273.575,3s2.3p.5p,3S,1,3s2.3p.(2P*<1/2>).6s<1/2>,"(1/2,1/2)*",1,E1,T6066LS',
,5778.55,,45900.0,C,59917.336,61647.875,3s2.3p.nd,a 3P*,2,3s2.3p.(2P*<3/2>).5f,2[3/2],2,E1,T6066LS',
,5787.98,,458000.0,B,57328.789,59056.508,3s2.3p.5p,3P,1,3s2.3p.4d,3D*,1,E1,T6066LS,
,5829.0,,13000.0,E,60705.464,62421.03,3s2.3p.5d,3F*,3,3s2.3p.(2P*<3/2>).7p<3/2>,"(3/2,3/2)",3,E1,T6066LS',
,5838.1,,175000.0,C,62421.03,64133.93,3s2.3p.(2P*<3/2>).7p<3/2>,"(3/2,3/2)",3,3s2.3p.8d,3F*,4,E1,T6066LS',
,5851.21,,87.5,E,47351.554,49060.601,3s2.3p.3d,1D*,2,3s2.3p.4p,3P,1,E1,T8363c22,
,5870.6,,788000.0,B+,57328.789,59032.19,3s2.3p.5p,3P,1,3s2.3p.4d,3D*,2,E1,T6066LS,
,5955.2,,220000.0,E,57541.918,59221.11,3s2.3p.5p,3S,1,3s2.3p.(2P*<1/2>).6s<1/2>,"(1/2,1/2)*",0,E1,T6066LS',
,5979.6,,15200.0,C,59032.19,60704.53,3s2.3p.4d,3D*,2,3s2.3p.(2P*<3/2>).6p<3/2>,"(3/2,3/2)",3,E1,T6066LS',
,5979.8,,58400.0,C+,60704.53,62376.82,3s2.3p.(2P*<3/2>).6p<3/2>,"(3/2,3/2)",3,3s2.3p.6d,3F*,3,E1,T6066LS',
,5989.88,,19400.0,C+,48264.292,49933.775,3s2.3p.4p,3D,3,3s2.3p.3d,3F*,3,E1,T8363c22,
,6061.4,,954000.0,B+,57468.239,59118.03,3s2.3p.5p,3P,2,3s2.3p.4d,3D*,3,E1,T6066LS,
,6077.5,,2190.0,E,60704.53,62349.93,3s2.3p.(2P*<3/2>).6p<3/2>,"(3/2,3/2)",3,3s2.3p.6d,3F*,2,E1,T6066LS',
,6107.18,,585000.0,B,60010.458,61647.875,3s2.3p.nd,a 3P*,1,3s2.3p.(2P*<3/2>).5f,2[3/2],2,E1,T6066LS',
,6231.1,,733000.0,B,60042.5,61647.36,3s2.3p.nd,a 3P*,0,3s2.3p.(2P*<3/2>).5f,2[3/2],1,E1,T6066LS',
,6296.16,,23700.0,D+,57468.239,59056.508,3s2.3p.5p,3P,2,3s2.3p.4d,3D*,1,E1,T6066LS,
,6303.03,,662.0,C,48264.292,49850.83,3s2.3p.4p,3D,3,3s2.3p.3d,3F*,2,E1,T8363c22,
,6303.2,,104000.0,C+,59118.03,60704.53,3s2.3p.4d,3D*,3,3s2.3p.(2P*<3/2>).6p<3/2>,"(3/2,3/2)",3,E1,T6066LS',
,6314.1,,27400.0,D,62966.61,,3s2.3p.(2P*<3/2>).6f,2[9/2],5,3s2.3p.9d,3F*,4,E1,T6066LS',
,6361.0,,115000.0,C,60848.946,62421.03,3s2.3p.5d,3F*,4,3s2.3p.(2P*<3/2>).7p<3/2>,"(3/2,3/2)",3,E1,T6066LS',
,6394.1,,204000.0,B,57468.239,59032.19,3s2.3p.5p,3P,2,3s2.3p.4d,3D*,2,E1,T6066LS,
,6485.8,,18700.0,C+,49060.601,50602.44,3s2.3p.4p,3P,1,3s2.3p.3d,3P*,0,E1,T8363c22,
,6501.52,,14200.0,C+,49028.294,50566.397,3s2.3p.4p,3P,0,3s2.3p.3d,3P*,1,E1,T8363c22,
,6501.5,,35500.0,C,61447.86,62985.96,3s2.3p.5d,3D*,2,3s2.3p.(2P*<3/2>).6f,2[3/2],1,E1,T6066LS',
,6561.4,,13700.0,D,62421.03,63945.1,3s2.3p.(2P*<3/2>).7p<3/2>,"(3/2,3/2)",3,3s2.3p.8d,3F*,3,E1,T6066LS',
,6641.01,,1010.0,C,49060.601,50566.397,3s2.3p.4p,3P,1,3s2.3p.3d,3P*,1,E1,T8363c22,
,6783.4,,93900.0,C,61511.77,62985.96,3s2.3p.5d,3D*,1,3s2.3p.(2P*<3/2>).6f,2[3/2],1,E1,T6066LS',
,6927.2,,102.0,E,62349.93,63793.52,3s2.3p.6d,3F*,2,3s2.3p.(2P*<3/2>).7f,2[3/2],1,E1,T6066LS',
,6947.3,,457.0,E,62421.03,63860.44,3s2.3p.(2P*<3/2>).7p<3/2>,"(3/2,3/2)",3,3s2.3p.8d,3F*,2,E1,T6066LS',
,6948.13,,22200.0,C+,49060.601,50499.838,3s2.3p.4p,3P,1,3s2.3p.3d,3P*,2,E1,T8363c22,
,7258.05,,13000.0,C+,49188.617,50566.397,3s2.3p.4p,3P,2,3s2.3p.3d,3P*,1,E1,T8363c22,
,7626.48,,18900.0,C+,49188.617,50499.838,3s2.3p.4p,3P,2,3s2.3p.3d,3P*,2,E1,T8363c22,
,7723.64,,64400.0,C+,56503.346,57798.072,3s2.3p.4d,1D*,2,3s2.3p.5p,1D,2,E1,T6066,
,7825.2,,6100.0,D,61647.875,62925.8,3s2.3p.(2P*<3/2>).5f,2[3/2],2,3s2.3p.6d,3D*,1,E1,T6066LS',
,8013.5,,6500.0,D,62534.08,63781.97,3s2.3p.6d,3F*,4,3s2.3p.(2P*<3/2>).7f,2[9/2],5,E1,T6066LS',
,8314.1,,42900.0,C+,49399.67,50602.44,3s2.3p.4p,3S,1,3s2.3p.3d,3P*,0,E1,T8363c22,
,8346.1,,658000.0,C+,59506.359,60704.53,3s2.3p.(2P*<3/2>).6s<1/2>,"(3/2,1/2)*",2,3s2.3p.(2P*<3/2>).6p<3/2>,"(3/2,3/2)",3,E1,T6066LS',
,8566.6,,46200.0,C,62966.61,64133.93,3s2.3p.(2P*<3/2>).6f,2[9/2],5,3s2.3p.8d,3F*,4,E1,T6066LS',
,8570.99,,32700.0,B,49399.67,50566.397,3s2.3p.4p,3S,1,3s2.3p.3d,3P*,1,E1,T8363c22,
,8741.1,,22600.0,C,61841.94,62985.96,3s2.3p.5d,3P*,2,3s2.3p.(2P*<3/2>).6f,2[3/2],1,E1,T6066LS',
,8791.9,,7970.0,C,60704.53,61841.94,3s2.3p.(2P*<3/2>).6p<3/2>,"(3/2,3/2)",3,3s2.3p.5d,3P*,2,E1,T6066LS',
,8872.2,,839.0,D,61647.875,62774.99,3s2.3p.(2P*<3/2>).5f,2[3/2],2,3s2.3p.6d,3D*,2,E1,T6066LS',
,9089.52,,18300.0,B,49399.67,50499.838,3s2.3p.4p,3S,1,3s2.3p.3d,3P*,2,E1,T8363c22,
,9129.7,,420000.0,B+,57798.072,58893.4,3s2.3p.5p,1D,2,3s2.3p.4d,1F*,3,E1,T6066,
,9144.9,,265000.0,B,62421.03,63514.533,3s2.3p.(2P*<3/2>).7p<3/2>,"(3/2,3/2)",3,3s2.3p.7d,3F*,4,E1,T6066LS',
,9525.4,,261000.0,B,61936.13,62985.96,3s2.3p.5d,3P*,1,3s2.3p.(2P*<3/2>).6f,2[3/2],1,E1,T6066LS',
,9749.4,,325000.0,B+,61960.26,62985.96,3s2.3p.5d,3P*,0,3s2.3p.(2P*<3/2>).6f,2[3/2],1,E1,T6066LS',
,9818.1,,15600.0,D,62774.99,63793.52,3s2.3p.6d,3D*,2,3s2.3p.(2P*<3/2>).7f,2[3/2],1,E1,T6066LS',
,9965.55,,92700.0,B,57798.072,58801.529,3s2.3p.5p,1D,2,3s2.3p.4d,1P*,1,E1,T6066,
,9975.72,,1530.0,D,60645.441,61647.875,3s2.3p.5d,3F*,2,3s2.3p.(2P*<3/2>).5f,2[3/2],2,E1,T6066LS',
,10275.7,,7630.0,D+,61447.86,62421.03,3s2.3p.5d,3D*,2,3s2.3p.(2P*<3/2>).7p<3/2>,"(3/2,3/2)",3,E1,T6066LS',
,10873.0,,187000.0,B+,61614.37,62534.08,3s2.3p.(2P*<3/2>).5f,2[9/2],5,3s2.3p.6d,3F*,4,E1,T6066LS',
,10873.5,,17500.0,C,62421.03,63340.7,3s2.3p.(2P*<3/2>).7p<3/2>,"(3/2,3/2)",3,3s2.3p.7d,3F*,3,E1,T6066LS',
,10956.05,,0.0859,E,47351.554,48264.292,3s2.3p.3d,1D*,2,3s2.3p.4p,3D,3,E1,T8363c22,
,11490.5,,101000.0,B+,60704.53,61574.814,3s2.3p.(2P*<3/2>).6p<3/2>,"(3/2,3/2)",3,3s2.3p.5d,3D*,3,E1,T6066LS',
,11524.5,,28800.0,D+,62925.8,63793.52,3s2.3p.6d,3D*,1,3s2.3p.(2P*<3/2>).7f,2[3/2],1,E1,T6066LS',
,11736.5,,113000.0,C+,59190.46,60042.5,3s2.3p.(2P*<3/2>).4f,2[3/2],1,3s2.3p.nd,a 3P*,0,E1,T6066LS',
,11750.67,,67800.0,C+,56690.903,57541.918,3s2.3p.4d,3P*,2,3s2.3p.5p,3S,1,E1,T6066LS,
,11817.3,,40100.0,C+,61574.814,62421.03,3s2.3p.5d,3D*,3,3s2.3p.(2P*<3/2>).7p<3/2>,"(3/2,3/2)",3,E1,T6066LS',
,11881.2,,39400.0,C+,56700.25,57541.918,3s2.3p.4d,3P*,1,3s2.3p.5p,3S,1,E1,T6066LS,
,12195.2,,25200.0,C+,59190.46,60010.458,3s2.3p.(2P*<3/2>).4f,2[3/2],1,3s2.3p.nd,a 3P*,1,E1,T6066LS',
,12368.0,,11600.0,C,56733.38,57541.918,3s2.3p.4d,3P*,0,3s2.3p.5p,3S,1,E1,T6066LS,
,12703.3,,3420.0,C,59917.336,60704.53,3s2.3p.nd,a 3P*,2,3s2.3p.(2P*<3/2>).6p<3/2>,"(3/2,3/2)",3,E1,T6066LS',
,12757.4,,429.0,E,62421.03,63204.89,3s2.3p.(2P*<3/2>).7p<3/2>,"(3/2,3/2)",3,3s2.3p.7d,3F*,2,E1,T6066LS',
,12864.45,,15700.0,C+,56690.903,57468.239,3s2.3p.4d,3P*,2,3s2.3p.5p,3P,2,E1,T6066LS,
,12934.9,,10400.0,D,63020.42,63793.52,3s2.3p.6d,3P*,2,3s2.3p.(2P*<3/2>).7f,2[3/2],1,E1,T6066LS',
,13014.1,,27500.0,D,63781.97,,3s2.3p.(2P*<3/2>).7f,2[9/2],5,3s2.3p.9d,3F*,4,E1,T6066LS',
,13021.0,,5050.0,C,56700.25,57468.239,3s2.3p.4d,3P*,1,3s2.3p.5p,3P,2,E1,T6066LS,
,13064.7,,326000.0,B+,60848.946,61614.37,3s2.3p.5d,3F*,4,3s2.3p.(2P*<3/2>).5f,2[9/2],5,E1,T6066LS',
,13319.7,,13.2,D,47351.554,48102.323,3s2.3p.3d,1D*,2,3s2.3p.4p,3D,2,E1,T8363c22,
,13453.0,,11000.0,C+,60704.53,61447.86,3s2.3p.(2P*<3/2>).6p<3/2>,"(3/2,3/2)",3,3s2.3p.5d,3D*,2,E1,T6066LS',
,13757.5,,700.0,D+,59190.46,59917.336,3s2.3p.(2P*<3/2>).4f,2[3/2],1,3s2.3p.nd,a 3P*,2,E1,T6066LS',
,14364.5,,113000.0,C+,63097.36,63793.52,3s2.3p.6d,3P*,1,3s2.3p.(2P*<3/2>).7f,2[3/2],1,E1,T6066LS',
,14921.8,,135000.0,B,63123.36,63793.52,3s2.3p.6d,3P*,0,3s2.3p.(2P*<3/2>).7f,2[3/2],1,E1,T6066LS',
,14958.4,,39.6,D,47351.554,48020.074,3s2.3p.3d,1D*,2,3s2.3p.4p,3D,1,E1,T8363c22,
,15676.8,,4840.0,C,56690.903,57328.789,3s2.3p.4d,3P*,2,3s2.3p.5p,3P,1,E1,T6066LS,
,15722.5,,904.0,D,62349.93,62985.96,3s2.3p.6d,3F*,2,3s2.3p.(2P*<3/2>).6f,2[3/2],1,E1,T6066LS',
,15909.9,,2770.0,D+,56700.25,57328.789,3s2.3p.4d,3P*,1,3s2.3p.5p,3P,1,E1,T6066LS,
,16788.9,,9440.0,C,56700.25,57295.881,3s2.3p.4d,3P*,1,3s2.3p.5p,3P,0,E1,T6066LS,
,16795.2,,3140.0,D+,56733.38,57328.789,3s2.3p.4d,3P*,0,3s2.3p.5p,3P,1,E1,T8363,
,17268.5,,869.0,D,61841.94,62421.03,3s2.3p.5d,3P*,2,3s2.3p.(2P*<3/2>).7p<3/2>,"(3/2,3/2)",3,E1,T6066LS',
,18250.7,,103000.0,B,62966.61,63514.533,3s2.3p.(2P*<3/2>).6f,2[9/2],5,3s2.3p.7d,3F*,4,E1,T6066LS',
,19413.3,,45300.0,B,62421.03,62936.14,3s2.3p.(2P*<3/2>).7p<3/2>,"(3/2,3/2)",3,3s2.3p.6d,3D*,3,E1,T6066LS',
,19719.0,,349.0,D+,56690.903,57198.027,3s2.3p.4d,3P*,2,3s2.3p.5p,3D,3,E1,T6066LS,
,20413.6,,31000.0,B+,58311.659,58801.529,3s2.3p.5p,1S,0,3s2.3p.4d,1P*,1,E1,T6066,
,23090.2,,15500.0,B+,57017.496,57450.58,3s2.3p.5p,3D,2,3s2.3p.4d,3F*,3,E1,T6066LS,
,23119.8,,135000.0,B+,62534.08,62966.61,3s2.3p.6d,3F*,4,3s2.3p.(2P*<3/2>).6f,2[9/2],5,E1,T6066LS',
,25378.1,,11100.0,B+,56978.256,57372.297,3s2.3p.5p,3D,1,3s2.3p.4d,3F*,2,E1,T6066LS,
,25931.6,,12300.0,B+,57198.027,57583.657,3s2.3p.5p,3D,3,3s2.3p.4d,3F*,4,E1,T6066LS,
,26524.6,,0.143,E,50189.389,50566.397,3s2.3p.4p,1D,2,3s2.3p.3d,3P*,1,E1,T8363c22,
,28184.8,,1500.0,C+,57017.496,57372.297,3s2.3p.5p,3D,2,3s2.3p.4d,3F*,2,E1,T6066LS,
,28252.0,,2590.0,C,62421.03,62774.99,3s2.3p.(2P*<3/2>).7p<3/2>,"(3/2,3/2)",3,3s2.3p.6d,3D*,2,E1,T6066LS',
,28412.0,,57700.0,B,63781.97,64133.93,3s2.3p.(2P*<3/2>).7f,2[9/2],5,3s2.3p.8d,3F*,4,E1,T6066LS',
,30619.1,,23.3,E,56690.903,57017.496,3s2.3p.4d,3P*,2,3s2.3p.5p,3D,2,E1,T6066LS,
,31521.0,,64.0,D,56700.25,57017.496,3s2.3p.4d,3P*,1,3s2.3p.5p,3D,2,E1,T6066LS,
,31959.0,,25000.0,B+,61647.36,61960.26,3s2.3p.(2P*<3/2>).5f,2[3/2],1,3s2.3p.5d,3P*,0,E1,T6066LS',
,32211.4,,1.51,D,50189.389,50499.838,3s2.3p.4p,1D,2,3s2.3p.3d,3P*,2,E1,T8363c22,
,34692.0,,4920.0,B,61647.875,61936.13,3s2.3p.(2P*<3/2>).5f,2[3/2],2,3s2.3p.5d,3P*,1,E1,T6066LS',
,34800.4,,1.76,E,56690.903,56978.256,3s2.3p.4d,3P*,2,3s2.3p.5p,3D,1,E1,T6066LS,
,35970.0,,23.9,E,56700.25,56978.256,3s2.3p.4d,3P*,1,3s2.3p.5p,3D,1,E1,T6066LS,
,36090.5,,4170.0,B,56503.346,56780.427,3s2.3p.4d,1D*,2,3s2.3p.5p,1P,1,E1,T6066,
,37392.0,,62100.0,B,63514.533,63781.97,3s2.3p.7d,3F*,4,3s2.3p.(2P*<3/2>).7f,2[9/2],5,E1,T6066LS',
,39595.6,,388.0,C+,57198.027,57450.58,3s2.3p.5p,3D,3,3s2.3p.4d,3F*,3,E1,T6066LS,
,40837.0,,21.9,E,56733.38,56978.256,3s2.3p.4d,3P*,0,3s2.3p.5p,3D,1,E1,T6066LS,
,44811.5,,3.49e-10,D+,0.0,223.157,3s2.3p2,3P,0,3s2.3p2,3P,2,E2,c22,
,45836.0,,1700.0,C,63575.35,63793.52,3s2.3p.7d,3D*,2,3s2.3p.(2P*<3/2>).7f,2[3/2],1,E1,T6066LS',
,46153.0,,4530.0,D+,63576.85,63793.52,3s2.3p.(2P*<1/2>).9s<1/2>,"(1/2,1/2)*",0,3s2.3p.(2P*<3/2>).7f,2[3/2],1,E1,T6066LS',
,47400.0,,762.0,B,62774.99,62985.96,3s2.3p.6d,3D*,2,3s2.3p.(2P*<3/2>).6f,2[3/2],1,E1,T6066LS',
,49996.0,,263.0,C+,61447.86,61647.875,3s2.3p.5d,3D*,2,3s2.3p.(2P*<3/2>).5f,2[3/2],2,E1,T6066LS',
,51529.0,,60.1,C,61647.875,61841.94,3s2.3p.(2P*<3/2>).5f,2[3/2],2,3s2.3p.5d,3P*,2,E1,T6066LS',
,57382.2,,5.02,D,57198.027,57372.297,3s2.3p.5p,3D,3,3s2.3p.4d,3F*,2,E1,T6066LS,
,63183.0,,34.5,C,59032.19,59190.46,3s2.3p.4d,3D*,2,3s2.3p.(2P*<3/2>).4f,2[3/2],1,E1,T6066LS',
,68473.5,,1.21e-10,D+,77.115,223.157,3s2.3p2,3P,1,3s2.3p2,3P,2,E2,"c22,T4209",
,68473.5,,4.21e-05,B+,77.115,223.157,3s2.3p2,3P,1,3s2.3p2,3P,2,M1,"c22,T4209",
,69244.0,,2010.0,B+,60704.53,60848.946,3s2.3p.(2P*<3/2>).6p<3/2>,"(3/2,3/2)",3,3s2.3p.5d,3F*,4,E1,T6066LS',
,72780.0,,5590.0,B+,62985.96,63123.36,3s2.3p.(2P*<3/2>).6f,2[3/2],1,3s2.3p.6d,3P*,0,E1,T6066LS',
,73470.0,,248.0,C+,61511.77,61647.875,3s2.3p.5d,3D*,1,3s2.3p.(2P*<3/2>).5f,2[3/2],2,E1,T6066LS',
,74654.0,,62.8,C+,59056.508,59190.46,3s2.3p.4d,3D*,1,3s2.3p.(2P*<3/2>).4f,2[3/2],1,E1,T6066LS',
,88456.0,,2280.0,B,62421.03,62534.08,3s2.3p.(2P*<3/2>).7p<3/2>,"(3/2,3/2)",3,3s2.3p.6d,3F*,4,E1,T6066LS',
,89767.0,,743.0,B+,62985.96,63097.36,3s2.3p.(2P*<3/2>).6f,2[3/2],1,3s2.3p.6d,3P*,1,E1,T6066LS',
,129676.0,,8.25e-06,B+,0.0,77.115,3s2.3p2,3P,0,3s2.3p2,3P,1,M1,"c22,T4209",
,219010.0,,2.34e-15,D,45276.188,45321.848,3s.3p3,3D*,1,3s.3p3,3D*,3,E2,c22,
,354370.0,,2.43e-15,D+,45293.629,45321.848,3s.3p3,3D*,2,3s.3p3,3D*,3,E2,c22,
,354370.0,,4.04e-07,D+,45293.629,45321.848,3s.3p3,3D*,2,3s.3p3,3D*,3,M1,c22,
,573360.0,,3.46e-16,D+,45276.188,45293.629,3s.3p3,3D*,1,3s.3p3,3D*,2,E2,c22,
,573360.0,,1.29e-07,D+,45276.188,45293.629,3s.3p3,3D*,1,3s.3p3,3D*,2,M1,c22,
