Configuration,Term,J,Level (cm-1),Uncertainty (cm-1),Leading percentages,Reference
3s2.3p2,3P,0,0.0,0.0,,L5815
3s2.3p2,3P,1,77.115,,,L5815
3s2.3p2,3P,2,223.157,,,L5815
3s2.3p2,1D,2,6298.85,,,L5815
3s2.3p2,1S,0,15394.37,,,L5815
3s.3p3,5S*,2,33326.053,,100,L5815
3s2.3p.4s,3P*,0,39683.163,,99,L5815
3s2.3p.4s,3P*,1,39760.285,,98                  :     1  3p.4s  1P*,L5815
3s2.3p.4s,3P*,2,39955.053,,99,L5815
3s2.3p.4s,1P*,1,40991.884,,97                  :     1  3p.3d  1P*,L5815
3s.3p3,3D*,1,45276.188,,56                  :    39  3p.nd  3D*,L5815
3s.3p3,3D*,2,45293.629,,56                  :    39  3p.nd  3D*,L5815
3s.3p3,3D*,3,45321.848,,56                  :    39  3p.nd  3D*,L5815
3s2.3p.4p,1P,1,47284.061,,,L5815
3s2.3p.3d,1D*,2,47351.554,,92                  :     4  3s.3p3 1D*,L5815
3s2.3p.4p,3D,1,48020.074,,,L5815
3s2.3p.4p,3D,2,48102.323,,,L5815
3s2.3p.4p,3D,3,48264.292,,,L5815
3s2.3p.4p,3P,0,49028.294,,,L5815
3s2.3p.4p,3P,1,49060.601,,,L5815
3s2.3p.4p,3P,2,49188.617,,,L5815
3s2.3p.4p,3S,1,49399.67,,,L5815
3s2.3p.3d,3F*,2,49850.83,,98                  :     1  3p.3d  3P*,L5815
3s2.3p.3d,3F*,3,49933.775,,99                  :     1  3p.4d  3F*,L5815
3s2.3p.3d,3F*,4,50054.8,,99                  :     1  3p.4d  3F*,L5815
3s2.3p.4p,1D,2,50189.389,,,L5815
3s2.3p.3d,3P*,2,50499.838,,81                  :    16  3s.3p3 3P*,L5815
3s2.3p.3d,3P*,1,50566.397,,81                  :    16  3s.3p3 3P*,L5815
3s2.3p.3d,3P*,0,50602.44,,81                  :    16  3s.3p3 3P*,L5815
3s2.3p.4p,1S,0,51612.012,,,L5815
3s2.3p.3d,1F*,3,53362.24,,96                  :     3  3p.4d  1F*,L5815
3s2.3p.3d,1P*,1,53387.334,,92                  :     3  3p.5s  1P*,L5815
3s2.3p.3d,3D*,1,54185.264,,80  3p.nd           :    14  3s.3p3 3D*,L5815
3s2.3p.3d,3D*,2,54205.09,,80  3p.nd           :    14  3s.3p3 3D*,L5815
3s2.3p.3d,3D*,3,54257.582,,80  3p.nd           :    14  3s.3p3 3D*,L5815
3s2.3p.5s,3P*,0,54245.02,,99                  :     1  3p.3d  3P*,L5815
3s2.3p.5s,3P*,1,54313.818,,92                  :     6  3p.5s  1P*,L5815
3s2.3p.5s,3P*,2,54528.22,,98                  :     1  3p.4d  3P*,L5815
3s2.3p.5s,1P*,1,54871.031,,89                  :     6  3p.5s  3P*,L5815
3s2.3p.4d,1D*,2,56503.346,,86                  :     4  3p.3d  1D*,L5815
3s2.3p.4d,3P*,2,56690.903,,50                  :    26  3s.3p3 3P*,L5815
3s2.3p.4d,3P*,1,56700.25,,51                  :    27  3s.3p3 3P*,L5815
3s2.3p.4d,3P*,0,56733.38,,50                  :    27  3s.3p3 3P*,L5815
3s2.3p.5p,1P,1,56780.427,,,L5815
3s2.3p.5p,3D,1,56978.256,,,L5815
3s2.3p.5p,3D,2,57017.496,,,L5815
3s2.3p.5p,3D,3,57198.027,,,L5815
3s2.3p.5p,3P,0,57295.881,,,L5815
3s2.3p.5p,3P,1,57328.789,,,L5815
3s2.3p.5p,3P,2,57468.239,,,L5815
3s2.3p.4d,3F*,2,57372.297,,96                  :     2  3p.4d  1D*,L5815
3s2.3p.4d,3F*,3,57450.58,,98                  :     1  3p.3d  3F*,L5815
3s2.3p.4d,3F*,4,57583.657,,98                  :     1  3p.3d  3F*,L5815
3s2.3p.5p,3S,1,57541.918,,,L5815
3s2.3p.5p,1D,2,57798.072,,,L5815
3s2.3p.5p,1S,0,58311.659,,,L5815
3s2.3p.(2P*<1/2>).4f,2[5/2],3,58774.368,,,L5815
3s2.3p.(2P*<1/2>).4f,2[5/2],2,58775.451,,,L5815
3s2.3p.(2P*<1/2>).4f,2[7/2],3,58786.86,,,L5815
3s2.3p.(2P*<1/2>).4f,2[7/2],4,58788.88,,,L5815
3s2.3p.4d,1P*,1,58801.529,,86                  :     6  3p.6s  1P*,L5815
3s2.3p.4d,1F*,3,58893.4,,89                  :     5  3p.5d  1F*,L5815
3s2.3p.4d,3D*,2,59032.19,,89  3p.nd           :     5  3s.3p3 3D*,L5815
3s2.3p.4d,3D*,1,59056.508,,89  3p.nd           :     5  3s.3p3 3D*,L5815
3s2.3p.4d,3D*,3,59118.03,,89  3p.nd           :     5  3s.3p3 3D*,L5815
3s2.3p.(2P*<3/2>).4f,2[7/2],3,59034.988,,,L5815
3s2.3p.(2P*<3/2>).4f,2[7/2],4,59037.043,,,L5815
3s2.3p.(2P*<3/2>).4f,2[5/2],3,59109.959,,,L5815
3s2.3p.(2P*<3/2>).4f,2[5/2],2,59110.892,,,L5815
3s2.3p.(2P*<3/2>).4f,2[9/2],5,59128.4,,,L5815
3s2.3p.(2P*<3/2>).4f,2[9/2],4,59131.912,,,L5815
3s2.3p.(2P*<3/2>).4f,2[3/2],1,59190.46,,,L5815
3s2.3p.(2P*<3/2>).4f,2[3/2],2,59191.072,,,L5815
3s2.3p.(2P*<1/2>).6s<1/2>,"(1/2,1/2)*",0,59221.11,,99  3P*             :     1  3p.4d  3P*,L5815
3s2.3p.(2P*<1/2>).6s<1/2>,"(1/2,1/2)*",1,59273.575,,86  3P*             :    11  3p.6s  1P*,L5815
3s2.3p.(2P*<3/2>).6s<1/2>,"(3/2,1/2)*",2,59506.359,,95  3P*             :     2  3p.4d  3P*,L5815
3s2.3p.(2P*<3/2>).6s<1/2>,"(3/2,1/2)*",1,59636.667,,79  1P*             :    12  3p.6s  3P*,L5815
3s2.3p.nd,a 3P*,2,59917.336,,77                  :    16  3s.3p3 3P*,L5815
3s2.3p.nd,a 3P*,1,60010.458,,80                  :    17  3s.3p3 3P*,L5815
3s2.3p.nd,a 3P*,0,60042.5,,82                  :    17  3s.3p3 3P*,L5815
3s2.3p.5d,1D*,2,60300.86,,76                  :    14  3p.5d  3F*,L5815
3s2.3p.(2P*<1/2>).6p<1/2>,"(1/2,1/2)",1,60381.278,,,L5815
3s2.3p.(2P*<1/2>).6p<1/2>,"(1/2,1/2)",0,60621.64,,,L5815
3s2.3p.(2P*<1/2>).6p<3/2>,"(1/2,3/2)",1,60487.103,,,L5815
3s2.3p.(2P*<1/2>).6p<3/2>,"(1/2,3/2)",2,60496.358,,,L5815
3s2.3p.5d,3F*,2,60645.441,,84                  :    12  3p.5d  1D*,L5815
3s2.3p.5d,3F*,3,60705.464,,96                  :     1  3p.5d  1F*,L5815
3s2.3p.5d,3F*,4,60848.946,,98                  :     1  3p.4d  3F*,L5815
3s2.3p.(2P*<3/2>).6p<3/2>,"(3/2,3/2)",3,60704.53,,,L5815
3s2.3p.(2P*<3/2>).6p<3/2>,"(3/2,3/2)",1,60706.558,,,L5815
3s2.3p.(2P*<3/2>).6p<3/2>,"(3/2,3/2)",2,60962.105,,,L5815
3s2.3p.(2P*<3/2>).6p<3/2>,"(3/2,3/2)",0,61198.036,,,L5815
3s2.3p.(2P*<3/2>).6p<1/2>,"(3/2,1/2)",2,60815.925,,,L5815
3s2.3p.(2P*<3/2>).6p<1/2>,"(3/2,1/2)",1,60856.63,,,L5815
3s2.3p.(2P*<1/2>).5f,2[5/2],3,61303.381,,,L5815
3s2.3p.(2P*<1/2>).5f,2[5/2],2,61304.283,,,L5815
3s2.3p.(2P*<1/2>).5f,2[7/2],3,61305.05,,,L5815
3s2.3p.(2P*<1/2>).5f,2[7/2],4,61306.713,,,L5815
3s2.3p.5d,1P*,1,61305.67,,73                  :     9  3p.7s  1P*,L5815
3s2.3p.5d,1F*,3,61423.23,,76                  :     8  3p.6d  1F*,L5815
3s2.3p.5d,3D*,2,61447.86,,82  3p.nd           :    13  3p.nd  3P*,L5815
3s2.3p.5d,3D*,1,61511.77,,57  3p.nd           :    25  3p.7s  3P*,L5815
3s2.3p.5d,3D*,3,61574.814,,87  3p.nd           :     8  3p.5d  1F*,L5815
3s2.3p.(2P*<1/2>).7s<1/2>,"(1/2,1/2)*",0,61538.05,,100  3P*,L5815
3s2.3p.(2P*<1/2>).7s<1/2>,"(1/2,1/2)*",1,61595.43,,56  3P*             :    24  3p.nd  3D*,L5815
3s2.3p.(2P*<3/2>).5f,2[7/2],3,61562.477,,,L5815
3s2.3p.(2P*<3/2>).5f,2[7/2],4,61563.952,,,L5815
3s2.3p.(2P*<3/2>).5f,2[5/2],3,61597.404,,,L5815
3s2.3p.(2P*<3/2>).5f,2[5/2],2,61598.145,,,L5815
3s2.3p.(2P*<3/2>).5f,2[9/2],5,61614.37,,,L5815
3s2.3p.(2P*<3/2>).5f,2[9/2],4,61617.17,,,L5815
3s2.3p.(2P*<3/2>).5f,2[3/2],1,61647.36,,,L5815
3s2.3p.(2P*<3/2>).5f,2[3/2],2,61647.875,,,L5815
3s2.3p.(2P*<3/2>).7s<1/2>,"(3/2,1/2)*",2,61823.55,,92  3P*             :     3  3p.5d  3P*,L5815
3s2.3p.(2P*<3/2>).7s<1/2>,"(3/2,1/2)*",1,61881.6,,65  1P*             :    15  3p.7s  3P*,L5815
3s2.3p.5d,3P*,2,61841.94,,72  3p.nd           :    12  3p.nd  3D*,L5815
3s2.3p.5d,3P*,1,61936.13,,80  3p.nd           :     7  3s.3p3 3P*,L5815
3s2.3p.5d,3P*,0,61960.26,,92  3p.nd           :     8  3s.3p3 3P*,L5815
3s2.3p.(2P*<1/2>).7p<1/2>,"(1/2,1/2)",1,62141.8,,,L5815
3s2.3p.(2P*<1/2>).7p<1/2>,"(1/2,1/2)",0,62318.7,,,L5815
3s2.3p.6d,1D*,2,62156.816,,49                  :    42  3p.6d  3F*,L5815
3s2.3p.(2P*<1/2>).7p<3/2>,"(1/2,3/2)",1,62226.39,,,L5815
3s2.3p.(2P*<1/2>).7p<3/2>,"(1/2,3/2)",2,62231.99,,,L5815
3s2.3p.6d,3F*,2,62349.93,,54                  :    38  3p.6d  1D*,L5815
3s2.3p.6d,3F*,3,62376.82,,92                  :     3  3p.6d  1F*,L5815
3s2.3p.6d,3F*,4,62534.08,,98                  :     1  3p.5d  3F*,L5815
3s2.3p.(2P*<3/2>).7p<3/2>,"(3/2,3/2)",3,62421.03,,,L5815
3s2.3p.(2P*<3/2>).7p<3/2>,"(3/2,3/2)",1,62450.4,,,L5815
3s2.3p.(2P*<3/2>).7p<3/2>,"(3/2,3/2)",2,62596.32,,,L5815
3s2.3p.(2P*<3/2>).7p<3/2>,"(3/2,3/2)",0,62718.99,,,L5815
3s2.3p.(2P*<3/2>).7p<1/2>,"(3/2,1/2)",2,62519.66,,,L5815
3s2.3p.(2P*<3/2>).7p<1/2>,"(3/2,1/2)",1,62545.1,,,L5815
3s2.3p.6d,1P*,1,62666.25,,58                  :    27  3p.nd  3D*,L5815
3s2.3p.(2P*<1/2>).6f,2[7/2],3,62667.823,,,L5815
3s2.3p.(2P*<1/2>).6f,2[7/2],4,62669.179,,,L5815
3s2.3p.(2P*<1/2>).6f,2[5/2],3,62669.164,,,L5815
3s2.3p.(2P*<1/2>).6f,2[5/2],2,62669.727,,,L5815
3s2.3p.6d,3D*,2,62774.99,,65  3p.nd           :    29  3p.nd  3P*,L5815
3s2.3p.6d,3D*,1,62925.8,,63  3p.nd           :    28  3p.6d  1P*,L5815
3s2.3p.6d,3D*,3,62936.14,,78  3p.nd           :    16  3p.6d  1F*,L5815
3s2.3p.6d,1F*,3,62802.86,,61                  :    12  3p.6d  3D*,L5815
3s2.3p.(2P*<1/2>).8s<1/2>,"(1/2,1/2)*",0,62806.65,,,L5815
3s2.3p.(2P*<1/2>).8s<1/2>,"(1/2,1/2)*",1,62813.26,,,L5815
3s2.3p.(2P*<3/2>).6f,2[7/2],3,62935.76,,,L5815
3s2.3p.(2P*<3/2>).6f,2[7/2],4,62936.81,,,L5815
3s2.3p.(2P*<3/2>).6f,2[5/2],3,62954.46,,,L5815
3s2.3p.(2P*<3/2>).6f,2[5/2],2,62955.0,,,L5815
3s2.3p.(2P*<3/2>).6f,2[9/2],5,62966.61,,,L5815
3s2.3p.(2P*<3/2>).6f,2[9/2],4,62968.49,,,L5815
3s2.3p.(2P*<3/2>).6f,2[3/2],1,62985.96,,,L5815
3s2.3p.(2P*<3/2>).6f,2[3/2],2,62986.32,,,L5815
3s2.3p.6d,3P*,2,63020.42,,61  3p.nd           :    30  3p.nd  3D*,L5815
3s2.3p.6d,3P*,1,63097.36,,87  3p.nd           :     8  3p.nd  3D*,L5815
3s2.3p.6d,3P*,0,63123.36,,95  3p.nd           :     4  3s.3p3 3P*,L5815
3s2.3p.(2P*<3/2>).8s<1/2>,"(3/2,1/2)*",2,63093.41,,,L5815
3s2.3p.(2P*<3/2>).8s<1/2>,"(3/2,1/2)*",1,63130.49,,,L5815
3s2.3p.7d,3F*,2,63204.89,,60                  :    30  3p.7d  1D*,L5815
3s2.3p.7d,3F*,3,63340.7,,86                  :     5  3p.7d  1F*,L5815
3s2.3p.7d,3F*,4,63514.533,,98                  :     1  3p.6d  3F*,L5815
3s2.3p.(2P*<1/2>).8p<3/2>,"(1/2,3/2)",2,63225.5,,,L5815
3s2.3p.7d,1D*,2,63356.24,,54                  :    34  3p.7d  3F*,L5815
3s2.3p.7d,1P*,1,63486.93,,50                  :    34  3p.nd  3D*,L5815
3s2.3p.(2P*<1/2>).7f,2[7/2],3,63488.01,,,L5815
3s2.3p.(2P*<1/2>).7f,2[7/2],4,63488.91,,,L5815
3s2.3p.(2P*<1/2>).7f,2[5/2],2,63489.44,,,L5815
3s2.3p.(2P*<1/2>).7f,2[5/2],3,63490.66,,,L5815
3s2.3p.7d,3D*,2,63575.35,,51  3p.nd           :    39  3p.nd  3P*,L5815
3s2.3p.7d,3D*,1,63750.39,,51  3p.nd           :    38  3p.7d  1P*,L5815
3s2.3p.7d,3D*,3,63760.24,,69  3p.nd           :    23  3p.7d  1F*,L5815
3s2.3p.(2P*<1/2>).9s<1/2>,"(1/2,1/2)*",0,63576.85,,,L5815
3s2.3p.(2P*<1/2>).9s<1/2>,"(1/2,1/2)*",1,63584.22,,,L5815
3s2.3p.(2P*<3/2>).8p<3/2>,"(3/2,3/2)",0,63618.6,,,L5815
3s2.3p.7d,1F*,3,63641.77,,62  3p.nd           :    24  3p.nd  3D*,L5815
3s2.3p.(2P*<3/2>).7f,2[7/2],3,63762.2,,,L5815
3s2.3p.(2P*<3/2>).7f,2[7/2],4,63762.93,,,L5815
3s2.3p.nd,*,2,63770.28,,35  3P*             :    31  3p.nd  3D*,L5815
3s2.3p.(2P*<3/2>).7f,2[5/2],3,63773.29,,,L5815
3s2.3p.(2P*<3/2>).7f,2[5/2],2,63773.58,,,L5815
3s2.3p.(2P*<3/2>).7f,2[9/2],5,63781.97,,,L5815
3s2.3p.(2P*<3/2>).7f,2[9/2],4,63783.31,,,L5815
3s2.3p.(2P*<3/2>).7f,2[3/2],1,63793.52,,,L5815
3s2.3p.(2P*<3/2>).7f,2[3/2],2,63794.31,,,L5815
3s2.3p.7d,3P*,1,63844.65,,81  3p.nd           :    12  3p.nd  3D*,L5815
3s2.3p.7d,3P*,0,63863.8,,97                  :     3  3s.3p3 3P*,L5815
3s2.3p.8d,3F*,2,63860.44,,51                  :    13  3p.8d  1D*,L5815
3s2.3p.8d,3F*,3,63945.1,,76                  :     6  3p.8d  1F*,L5815
3s2.3p.8d,3F*,4,64133.93,,98                  :     1  3p.7d  3F*,L5815
3s2.3p.(2P*<3/2>).9s<1/2>,"(3/2,1/2)*",2,63863.84,,,L5815
3s2.3p.(2P*<3/2>).9s<1/2>,"(3/2,1/2)*",1,63884.61,,,L5815
3s2.3p.8d,1D*,2,63990.67,,54                  :    21  3p.8d  3F*,L5815
3s2.3p.8d,1P*,1,64020.42,,49  3p.nd           :    40  3p.nd  3D*,L5815
3s2.3p.(2P*<1/2>).10s<1/2>,"(1/2,1/2)*",0,64079.74,,,L5815
3s2.3p.(2P*<1/2>).10s<1/2>,"(1/2,1/2)*",1,64085.87,,,L5815
3s2.3p.nd,*,2,64104.88,,40  3P*             :    38  3p.nd  3D*,L5815
3s2.3p.8d,1F*,3,64187.8,,48  3p.nd           :    26  3p.nd  3F*,L5815
3s2.3p.9d,3F*,2,64243.3,,57                  :    19  3p.9d  1D*,L5815
3s2.3p.9d,3F*,3,64351.93,,60                  :     8  3p.8d  3D*,L5815
3s2.3p.9d,3F*,4,64550.37,,98                  :     1  3p.8d  3F*,L5815
3s2.3p.(2P*<3/2>).8d<5/2>,"(3/2,5/2)*",1,64287.43,,50  1P*             :    42  3p.nd  3D*,L5815
3s2.3p.(2P*<3/2>).8d<5/2>,"(3/2,5/2)*",3,64295.26,,60  3D*             :    38  3p.nd  1F*,L5815
3s2.3p.nd,*,2,64322.71,,40  3D*             :    37  3p.nd  3P*,L5815
3s2.3p.(2P*<3/2>).8d<3/2>,"(3/2,3/2)*",1,64337.81,,78  3P*             :    18  3p.nd  3D*,L5815
3s2.3p.(2P*<3/2>).8d<3/2>,"(3/2,3/2)*",0,64358.52,,98  3P*             :     2  3s.3p3 3P*,L5815
3s2.3p.(2P*<3/2>).10s<1/2>,"(3/2,1/2)*",2,64366.68,,,L5815
3s2.3p.(2P*<3/2>).10s<1/2>,"(3/2,1/2)*",1,64376.18,,,L5815
3s2.3p.(2P*<1/2>).9d<3/2>,"(1/2,3/2)*",1,64393.66,,42  3D*             :    42  3p.nd  1P*,L5815
3s2.3p.nd,*,2,64398.19,,38  1D*             :    30  3p.nd  3P*,L5815
3s2.3p.(2P*<1/2>).11s<1/2>,"(1/2,1/2)*",0,64425.97,,,L5815
3s2.3p.(2P*<1/2>).11s<1/2>,"(1/2,1/2)*",1,64432.03,,,L5815
3s2.3p.nd,*,2,64488.72,,42  1D*             :    29  3p.nd  3P*,L5815
3s2.3p.10d,3F*,2,64553.46,,68                  :    16  3p.10d 1D*,L5815
3s2.3p.(2P*<1/2>).10d<3/2>,"(1/2,3/2)*",1,64635.82,,,L5815
3s2.3p.nd,*,2,64646.73,,,L5815
3s2.3p.nd,*,3,64647.46,,,L5815
3s2.3p.(2P*<3/2>).9d<5/2>,"(3/2,5/2)*",1,64654.97,,,L5815
3s2.3p.(2P*<3/2>).9d<5/2>,"(3/2,5/2)*",3,64662.04,,,L5815
3s2.3p.(2P*<1/2>).12s<1/2>,"(1/2,1/2)*",0,64674.61,,,L5815
3s2.3p.(2P*<1/2>).12s<1/2>,"(1/2,1/2)*",1,64678.93,,,L5815
3s2.3p.nd,*,2,64687.77,,,L5815
3s2.3p.(2P*<3/2>).9d<3/2>,"(3/2,3/2)*",1,64699.46,,,L5815
3s2.3p.(2P*<3/2>).9d<3/2>,"(3/2,3/2)*",0,64703.23,,99  3P*             :     1  3s.3p3 3P*,L5815
3s2.3p.(2P*<3/2>).11s<1/2>,"(3/2,1/2)*",2,64713.05,,,L5815
3s2.3p.(2P*<3/2>).11s<1/2>,"(3/2,1/2)*",1,64723.88,,,L5815
3s2.3p.nd,*,2,64758.61,,,L5815
3s2.3p.nd,*,3,64795.43,,,L5815
3s2.3p.nd,*,2,64795.56,,,L5815
3s2.3p.(2P*<1/2>).11d<3/2>,"(1/2,3/2)*",1,64832.7,,,L5815
3s2.3p.nd,*,2,64855.48,,,L5815
3s2.3p.(2P*<1/2>).13s<1/2>,"(1/2,1/2)*",0,64859.23,,,L5815
3s2.3p.(2P*<1/2>).13s<1/2>,"(1/2,1/2)*",1,64861.02,,,L5815
3s2.3p.nd,*,3,64881.45,,,L5815
3s2.3p.nd,*,2,64916.64,,,L5815
3s2.3p.(2P*<3/2>).10d<5/2>,"(3/2,5/2)*",1,64920.15,,,L5815
3s2.3p.(2P*<3/2>).10d<5/2>,"(3/2,5/2)*",3,64923.97,,,L5815
3s2.3p.nd,*,2,64943.94,,,L5815
3s2.3p.(2P*<3/2>).10d<3/2>,"(3/2,3/2)*",1,64946.12,,,L5815
3s2.3p.(2P*<3/2>).10d<3/2>,"(3/2,3/2)*",0,64952.58,,,L5815
3s2.3p.(2P*<3/2>).12s<1/2>,"(3/2,1/2)*",2,64961.67,,,L5815
3s2.3p.(2P*<3/2>).12s<1/2>,"(3/2,1/2)*",1,64967.34,,,L5815
3s2.3p.nd,*,3,64965.03,,,L5815
3s2.3p.nd,*,2,64982.37,,,L5815
3s2.3p.(2P*<1/2>).12d<3/2>,"(1/2,3/2)*",1,64982.42,,,L5815
3s2.3p.(2P*<1/2>).14s<1/2>,"(1/2,1/2)*",0,65000.11,,,L5815
3s2.3p.(2P*<1/2>).14s<1/2>,"(1/2,1/2)*",1,65002.16,,,L5815
3s2.3p.nd,*,2,65025.3,,,L5815
3s2.3p.nd,*,2,65055.82,,,L5815
3s2.3p.(2P*<1/2>).13d<3/2>,"(1/2,3/2)*",1,65092.05,,,L5815
3s2.3p.nd,*,2,65099.38,,,L5815
3s2.3p.nd,*,3,65102.52,,,L5815
3s2.3p.(2P*<1/2>).15s<1/2>,"(1/2,1/2)*",1,65108.74,,,L5815
3s2.3p.(2P*<1/2>).15s<1/2>,"(1/2,1/2)*",0,65109.47,,,L5815
3s2.3p.(2P*<3/2>).11d<5/2>,"(3/2,5/2)*",1,65116.72,,,L5815
3s2.3p.(2P*<3/2>).11d<5/2>,"(3/2,5/2)*",3,65117.65,,,L5815
3s2.3p.nd,*,2,65125.26,,,L5815
3s2.3p.(2P*<3/2>).11d<3/2>,"(3/2,3/2)*",1,65135.28,,,L5815
3s2.3p.(2P*<3/2>).11d<3/2>,"(3/2,3/2)*",0,65138.22,,,L5815
3s2.3p.(2P*<3/2>).13s<1/2>,"(3/2,1/2)*",2,65146.14,,,L5815
3s2.3p.(2P*<3/2>).13s<1/2>,"(3/2,1/2)*",1,65151.67,,,L5815
3s2.3p.nd,*,2,65152.74,,,L5815
3s2.3p.nd,*,3,65170.67,,,L5815
3s2.3p.nd,*,2,65177.7,,,L5815
3s2.3p.(2P*<1/2>).14d<3/2>,"(1/2,3/2)*",1,65184.24,,,L5815
3s2.3p.(2P*<1/2>).16s<1/2>,"(1/2,1/2)*",0,65196.82,,,L5815
3s2.3p.(2P*<1/2>).16s<1/2>,"(1/2,1/2)*",1,65197.98,,,L5815
3s2.3p.nd,*,2,65203.73,,,L5815
3s2.3p.nd,*,3,65226.6,,,L5815
3s2.3p.nd,*,2,65231.21,,,L5815
3s2.3p.(2P*<1/2>).15d<3/2>,"(1/2,3/2)*",1,65255.31,,,L5815
3s2.3p.nd,*,2,65258.33,,,L5815
3s2.3p.nd,*,3,65258.83,,,L5815
3s2.3p.(2P*<3/2>).12d<5/2>,"(3/2,5/2)*",1,65261.5,,,L5815
3s2.3p.(2P*<3/2>).12d<5/2>,"(3/2,5/2)*",3,65264.91,,,L5815
3s2.3p.(2P*<1/2>).17s<1/2>,"(1/2,1/2)*",0,65267.35,,,L5815
3s2.3p.(2P*<1/2>).17s<1/2>,"(1/2,1/2)*",1,65268.8,,,L5815
3s2.3p.nd,*,2,65272.41,,,L5815
3s2.3p.(2P*<3/2>).12d<3/2>,"(3/2,3/2)*",1,65278.23,,,L5815
3s2.3p.(2P*<3/2>).12d<3/2>,"(3/2,3/2)*",0,65280.1,,,L5815
3s2.3p.(2P*<3/2>).14s<1/2>,"(3/2,1/2)*",2,65287.04,,,L5815
3s2.3p.(2P*<3/2>).14s<1/2>,"(3/2,1/2)*",1,65291.26,,,L5815
3s2.3p.nd,*,2,65295.03,,,L5815
3s2.3p.nd,*,3,65307.3,,,L5815
3s2.3p.nd,*,2,65311.78,,,L5815
3s2.3p.(2P*<1/2>).16d<3/2>,"(1/2,3/2)*",1,65316.57,,,L5815
3s2.3p.(2P*<1/2>).18s<1/2>,"(1/2,1/2)*",0,65324.68,,,L5815
3s2.3p.(2P*<1/2>).18s<1/2>,"(1/2,1/2)*",1,65325.82,,,L5815
3s2.3p.nd,*,2,65330.38,,,L5815
3s2.3p.nd,*,2,65349.5,,,L5815
3s2.3p.nd,*,3,65349.72,,,L5815
3s2.3p.(2P*<1/2>).17d<3/2>,"(1/2,3/2)*",1,65365.05,,,L5815
3s2.3p.nd,*,2,65368.23,,,L5815
3s2.3p.nd,*,3,65369.94,,,L5815
3s2.3p.(2P*<1/2>).19s<1/2>,"(1/2,1/2)*",1,65372.8,,,L5815
3s2.3p.(2P*<1/2>).19s<1/2>,"(1/2,1/2)*",0,65372.98,,,L5815
3s2.3p.(2P*<3/2>).13d<5/2>,"(3/2,5/2)*",1,65378.02,,,L5815
3s2.3p.(2P*<3/2>).13d<5/2>,"(3/2,5/2)*",3,65379.19,,,L5815
3s2.3p.nd,*,2,65382.18,,,L5815
3s2.3p.(2P*<3/2>).13d<3/2>,"(3/2,3/2)*",1,65388.96,,,L5815
3s2.3p.(2P*<3/2>).13d<3/2>,"(3/2,3/2)*",0,65390.89,,,L5815
3s2.3p.nd,*,2,65393.91,,,L5815
3s2.3p.(2P*<3/2>).15s<1/2>,"(3/2,1/2)*",2,65396.73,,,L5815
3s2.3p.(2P*<3/2>).15s<1/2>,"(3/2,1/2)*",1,65399.6,,,L5815
3s2.3p.nd,*,3,65402.24,,,L5815
3s2.3p.nd,*,2,65407.15,,,L5815
3s2.3p.(2P*<1/2>).18d<3/2>,"(1/2,3/2)*",1,65407.72,,,L5815
3s2.3p.(2P*<1/2>).20s<1/2>,"(1/2,1/2)*",0,65413.38,,,L5815
3s2.3p.(2P*<1/2>).20s<1/2>,"(1/2,1/2)*",1,65414.0,,,L5815
3s2.3p.nd,*,2,65423.14,,,L5815
3s2.3p.nd,*,3,65433.14,,,L5815
3s2.3p.nd,*,2,65433.17,,,L5815
3s2.3p.(2P*<1/2>).19d<3/2>,"(1/2,3/2)*",1,65441.93,,,L5815
3s2.3p.nd,*,2,65446.05,,,L5815
3s2.3p.(2P*<1/2>).21s<1/2>,"(1/2,1/2)*",0,65447.45,,,L5815
3s2.3p.(2P*<1/2>).21s<1/2>,"(1/2,1/2)*",1,65447.6,,,L5815
3s2.3p.nd,*,3,65453.23,,,L5815
3s2.3p.nd,*,2,65460.22,,,L5815
3s2.3p.(2P*<3/2>).14d<5/2>,"(3/2,5/2)*",1,65468.0,,,L5815
3s2.3p.(2P*<3/2>).14d<5/2>,"(3/2,5/2)*",3,65471.53,,,L5815
3s2.3p.nd,*,3,65469.78,,,L5815
3s2.3p.nd,*,2,65470.7,,,L5815
3s2.3p.(2P*<1/2>).20d<3/2>,"(1/2,3/2)*",1,65472.0,,,L5815
3s2.3p.nd,*,2,65478.35,,,L5815
3s2.3p.(2P*<3/2>).14d<3/2>,"(3/2,3/2)*",1,65478.35,,,L5815
3s2.3p.(2P*<3/2>).14d<3/2>,"(3/2,3/2)*",0,65479.14,,,L5815
3s2.3p.(2P*<3/2>).16s<1/2>,"(3/2,1/2)*",2,65483.96,,,L5815
3s2.3p.(2P*<3/2>).16s<1/2>,"(3/2,1/2)*",1,65486.67,,,L5815
3s2.3p.nd,*,2,65488.4,,,L5815
3s2.3p.nd,*,3,65494.05,,,L5815
3s2.3p.nd,*,2,65496.59,,,L5815
3s2.3p.(2P*<1/2>).21d<3/2>,"(1/2,3/2)*",1,65497.91,,,L5815
3s2.3p.nd,*,2,65506.81,,,L5815
3s2.3p.nd,*,3,65514.3,,,L5815
3s2.3p.nd,*,2,65514.3,,,L5815
3s2.3p.(2P*<1/2>).22d<3/2>,"(1/2,3/2)*",1,65519.93,,,L5815
3s2.3p.nd,*,2,65522.63,,,L5815
3s2.3p.nd,*,3,65528.19,,,L5815
3s2.3p.nd,*,2,65532.0,,,L5815
3s2.3p.(2P*<1/2>).23d<3/2>,"(1/2,3/2)*",1,65539.72,,,L5815
3s2.3p.nd,*,2,65539.81,,,L5815
3s2.3p.nd,*,3,65539.99,,,L5815
3s2.3p.(2P*<3/2>).15d<5/2>,"(3/2,5/2)*",1,65541.2,,,L5815
3s2.3p.(2P*<3/2>).15d<5/2>,"(3/2,5/2)*",3,65543.02,,,L5815
3s2.3p.nd,*,2,65545.28,,,L5815
3s2.3p.(2P*<3/2>).15d<3/2>,"(3/2,3/2)*",1,65549.05,,,L5815
3s2.3p.(2P*<3/2>).15d<3/2>,"(3/2,3/2)*",0,65550.33,,,L5815
3s2.3p.nd,*,2,65551.13,,,L5815
3s2.3p.(2P*<3/2>).17s<1/2>,"(3/2,1/2)*",2,65554.5,,,L5815
3s2.3p.(2P*<3/2>).17s<1/2>,"(3/2,1/2)*",1,65557.35,,,L5815
3s2.3p.nd,*,3,65554.77,,,L5815
3s2.3p.(2P*<1/2>).24d<3/2>,"(1/2,3/2)*",1,65555.69,,,L5815
3s2.3p.nd,*,2,65557.07,,,L5815
3s2.3p.nd,*,2,65565.03,,,L5815
3s2.3p.nd,*,3,65568.83,,,L5815
3s2.3p.nd,*,2,65569.53,,,L5815
3s2.3p.(2P*<1/2>).25d<3/2>,"(1/2,3/2)*",1,65571.35,,,L5815
3s2.3p.nd,*,2,65575.9,,,L5815
3s2.3p.nd,*,2,65580.7,,,L5815
3s2.3p.nd,*,3,65580.9,,,L5815
3s2.3p.(2P*<1/2>).26d<3/2>,"(1/2,3/2)*",1,65584.8,,,L5815
3s2.3p.nd,*,2,65586.3,,,L5815
3s2.3p.nd,*,3,65590.06,,,L5815
3s2.3p.nd,*,2,65592.12,,,L5815
3s2.3p.(2P*<1/2>).27d<3/2>,"(1/2,3/2)*",1,65596.21,,,L5815
3s2.3p.nd,*,2,65597.05,,,L5815
3s2.3p.nd,*,3,65597.73,,,L5815
3s2.3p.nd,*,2,65601.9,,,L5815
3s2.3p.(2P*<3/2>).16d<5/2>,"(3/2,5/2)*",1,65601.9,,,L5815
3s2.3p.(2P*<3/2>).16d<5/2>,"(3/2,5/2)*",3,65602.64,,,L5815
3s2.3p.nd,*,2,65605.56,,,L5815
3s2.3p.nd,*,3,65606.56,,,L5815
3s2.3p.(2P*<3/2>).16d<3/2>,"(3/2,3/2)*",1,65608.44,,,L5815
3s2.3p.(2P*<3/2>).16d<3/2>,"(3/2,3/2)*",0,65608.63,,,L5815
3s2.3p.(2P*<1/2>).28d<3/2>,"(1/2,3/2)*",1,65608.44,,,L5815
3s2.3p.nd,*,2,65609.1,,,L5815
3s2.3p.(2P*<3/2>).18s<1/2>,"(3/2,1/2)*",2,65612.24,,,L5815
3s2.3p.(2P*<3/2>).18s<1/2>,"(3/2,1/2)*",1,65613.95,,,L5815
3s2.3p.nd,*,2,65613.3,,,L5815
3s2.3p.nd,*,3,65615.61,,,L5815
3s2.3p.(2P*<1/2>).29d<3/2>,"(1/2,3/2)*",1,65616.3,,,L5815
3s2.3p.nd,*,2,65616.84,,,L5815
3s2.3p.nd,*,2,65621.6,,,L5815
3s2.3p.nd,*,3,65623.93,,,L5815
3s2.3p.nd,*,2,65624.28,,,L5815
3s2.3p.(2P*<1/2>).30d<3/2>,"(1/2,3/2)*",1,65625.2,,,L5815
3s2.3p.nd,*,2,65628.3,,,L5815
3s2.3p.nd,*,3,65630.9,,,L5815
3s2.3p.nd,*,2,65630.9,,,L5815
3s2.3p.(2P*<1/2>).31d<3/2>,"(1/2,3/2)*",1,65633.15,,,L5815
3s2.3p.nd,*,2,65634.5,,,L5815
3s2.3p.nd,*,2,65637.1,,,L5815
3s2.3p.nd,*,3,65637.9,,,L5815
3s2.3p.(2P*<1/2>).32d<3/2>,"(1/2,3/2)*",1,65640.16,,,L5815
3s2.3p.nd,*,2,65640.7,,,L5815
3s2.3p.nd,*,3,65642.79,,,L5815
3s2.3p.nd,*,2,65644.03,,,L5815
3s2.3p.(2P*<1/2>).33d<3/2>,"(1/2,3/2)*",1,65646.6,,,L5815
3s2.3p.nd,*,2,65646.99,,,L5815
3s2.3p.nd,*,3,65647.43,,,L5815
3s2.3p.nd,*,2,65649.95,,,L5815
3s2.3p.(2P*<3/2>).17d<5/2>,"(3/2,5/2)*",1,65651.3,,,L5815
3s2.3p.(2P*<3/2>).17d<5/2>,"(3/2,5/2)*",3,65652.39,,,L5815
3s2.3p.nd,*,2,65652.19,,,L5815
3s2.3p.nd,*,3,65652.39,,,L5815
3s2.3p.(2P*<1/2>).34d<3/2>,"(1/2,3/2)*",1,65652.4,,,L5815
3s2.3p.nd,*,2,65654.15,,,L5815
3s2.3p.(2P*<3/2>).17d<3/2>,"(3/2,3/2)*",1,65656.3,,,L5815
3s2.3p.(2P*<3/2>).17d<3/2>,"(3/2,3/2)*",0,65657.24,,,L5815
3s2.3p.nd,*,2,65656.33,,,L5815
3s2.3p.nd,*,3,65657.5,,,L5815
3s2.3p.(2P*<1/2>).35d<3/2>,"(1/2,3/2)*",1,65658.0,,,L5815
3s2.3p.nd,*,2,65658.6,,,L5815
3s2.3p.(2P*<3/2>).19s<1/2>,"(3/2,1/2)*",2,65660.26,,,L5815
3s2.3p.(2P*<3/2>).19s<1/2>,"(3/2,1/2)*",1,65662.0,,,L5815
3s2.3p.nd,*,2,65660.9,,,L5815
3s2.3p.nd,*,3,65662.0,,,L5815
3s2.3p.(2P*<1/2>).36d<3/2>,"(1/2,3/2)*",1,65662.7,,,L5815
3s2.3p.nd,*,2,65662.8,,,L5815
3s2.3p.nd,*,2,65665.4,,,L5815
3s2.3p.nd,*,3,65666.8,,,L5815
3s2.3p.nd,*,2,65667.2,,,L5815
3s2.3p.(2P*<1/2>).37d<3/2>,"(1/2,3/2)*",1,65667.26,,,L5815
3s2.3p.nd,*,2,65669.8,,,L5815
3s2.3p.nd,*,3,65670.71,,,L5815
3s2.3p.nd,*,2,65670.91,,,L5815
3s2.3p.(2P*<1/2>).38d<3/2>,"(1/2,3/2)*",1,65671.4,,,L5815
3s2.3p.nd,*,2,65672.98,,,L5815
3s2.3p.nd,*,3,65674.4,,,L5815
3s2.3p.(2P*<1/2>).39d<3/2>,"(1/2,3/2)*",1,65675.3,,,L5815
3s2.3p.nd,*,3,65678.0,,,L5815
3s2.3p.(2P*<1/2>).40d<3/2>,"(1/2,3/2)*",1,65678.99,,,L5815
3s2.3p.nd,*,3,65681.1,,,L5815
3s2.3p.(2P*<1/2>).41d<3/2>,"(1/2,3/2)*",1,65682.2,,,L5815
3s2.3p.nd,*,3,65683.7,,,L5815
3s2.3p.(2P*<1/2>).42d<3/2>,"(1/2,3/2)*",1,65685.2,,,L5815
3s2.3p.nd,*,3,65686.5,,,L5815
3s2.3p.(2P*<1/2>).43d<3/2>,"(1/2,3/2)*",1,65688.15,,,L5815
3s2.3p.nd,*,3,65688.72,,,L5815
3s2.3p.(2P*<1/2>).44d<3/2>,"(1/2,3/2)*",1,65690.9,,,L5815
3s2.3p.nd,*,3,65691.07,,,L5815
3s2.3p.(2P*<3/2>).18d<5/2>,"(3/2,5/2)*",1,65693.0,,,L5815
3s2.3p.(2P*<3/2>).18d<5/2>,"(3/2,5/2)*",3,65693.9,,,L5815
3s2.3p.nd,*,3,65693.2,,,L5815
3s2.3p.nd,*,2,65695.2,,,L5815
3s2.3p.nd,*,3,65695.74,,,L5815
3s2.3p.(2P*<3/2>).18d<3/2>,"(3/2,3/2)*",1,65697.47,,,L5815
3s2.3p.(2P*<3/2>).18d<3/2>,"(3/2,3/2)*",0,65697.58,,,L5815
3s2.3p.(2P*<3/2>).20s<1/2>,"(3/2,1/2)*",1,65701.56,,,L5815
3s2.3p.(2P*<3/2>).19d<5/2>,"(3/2,5/2)*",1,65728.3,,,L5815
3s2.3p.(2P*<3/2>).19d<5/2>,"(3/2,5/2)*",3,65728.86,,,L5815
3s2.3p.nd,*,2,65730.4,,,L5815
3s2.3p.(2P*<3/2>).19d<3/2>,"(3/2,3/2)*",1,65732.27,,,L5815
3s2.3p.(2P*<3/2>).19d<3/2>,"(3/2,3/2)*",0,65732.3,,,L5815
3s2.3p.(2P*<3/2>).21s<1/2>,"(3/2,1/2)*",1,65736.06,,,L5815
Si II (3p 2P*<1/2>),Limit,---,65747.76,0.25,,L5815
3s2.3p.(2P*<3/2>).20d<5/2>,"(3/2,5/2)*",3,65758.86,,,L5815
3s2.3p.nd,*,2,65760.5,,,L5815
3s2.3p.(2P*<3/2>).20d<3/2>,"(3/2,3/2)*",1,65761.36,,,L5815
3s2.3p.(2P*<3/2>).22s<1/2>,"(3/2,1/2)*",1,65764.03,,,L5815
3s2.3p.(2P*<3/2>).21d<5/2>,"(3/2,5/2)*",3,65784.65,,,L5815
3s2.3p.nd,*,2,65786.0,,,L5815
3s2.3p.(2P*<3/2>).21d<3/2>,"(3/2,3/2)*",1,65786.9,,,L5815
3s2.3p.(2P*<3/2>).23s<1/2>,"(3/2,1/2)*",1,65789.56,,,L5815
3s2.3p.(2P*<3/2>).22d<5/2>,"(3/2,5/2)*",3,65806.94,,,L5815
3s2.3p.nd,*,2,65807.9,,,L5815
3s2.3p.(2P*<3/2>).22d<3/2>,"(3/2,3/2)*",1,65808.8,,,L5815
3s2.3p.(2P*<3/2>).24s<1/2>,"(3/2,1/2)*",1,65811.24,,,L5815
3s2.3p.(2P*<3/2>).23d<5/2>,"(3/2,5/2)*",3,65826.36,,,L5815
3s2.3p.nd,*,2,65827.3,,,L5815
3s2.3p.(2P*<3/2>).23d<3/2>,"(3/2,3/2)*",1,65827.98,,,L5815
3s2.3p.(2P*<3/2>).24d<5/2>,"(3/2,5/2)*",3,65843.45,,,L5815
3s2.3p.(2P*<3/2>).24d<3/2>,"(3/2,3/2)*",1,65844.5,,,L5815
3s2.3p.(2P*<3/2>).25d<5/2>,"(3/2,5/2)*",3,65858.5,,,L5815
3s2.3p.(2P*<3/2>).25d<3/2>,"(3/2,3/2)*",1,65859.72,,,L5815
3s2.3p.(2P*<3/2>).26d<5/2>,"(3/2,5/2)*",3,65871.88,,,L5815
3s2.3p.(2P*<3/2>).26d<3/2>,"(3/2,3/2)*",1,65872.83,,,L5815
3s2.3p.(2P*<3/2>).27d<5/2>,"(3/2,5/2)*",3,65883.8,,,L5815
3s2.3p.(2P*<3/2>).27d<3/2>,"(3/2,3/2)*",1,65884.68,,,L5815
3s2.3p.(2P*<3/2>).28d<3/2>,"(3/2,3/2)*",1,65894.14,,,L5815
3s2.3p.(2P*<3/2>).28d<5/2>,"(3/2,5/2)*",3,65894.52,,,L5815
3s2.3p.(2P*<3/2>).29d<5/2>,"(3/2,5/2)*",3,65904.12,,,L5815
3s2.3p.(2P*<3/2>).29d<3/2>,"(3/2,3/2)*",1,65904.47,,,L5815
3s2.3p.(2P*<3/2>).30d<5/2>,"(3/2,5/2)*",3,65912.6,,,L5815
3s2.3p.(2P*<3/2>).30d<3/2>,"(3/2,3/2)*",1,65913.13,,,L5815
3s2.3p.(2P*<3/2>).31d<3/2>,"(3/2,3/2)*",1,65920.18,,,L5815
3s2.3p.(2P*<3/2>).31d<5/2>,"(3/2,5/2)*",3,65920.45,,,L5815
3s2.3p.(2P*<3/2>).32d<5/2>,"(3/2,5/2)*",3,65927.37,,,L5815
3s2.3p.(2P*<3/2>).32d<3/2>,"(3/2,3/2)*",1,65927.5,,,L5815
3s2.3p.(2P*<3/2>).33d<5/2>,"(3/2,5/2)*",3,65933.95,,,L5815
3s2.3p.(2P*<3/2>).33d<3/2>,"(3/2,3/2)*",1,65934.45,,,L5815
3s2.3p.(2P*<3/2>).34d<5/2>,"(3/2,5/2)*",3,65939.75,,,L5815
3s2.3p.(2P*<3/2>).34d<3/2>,"(3/2,3/2)*",1,65939.96,,,L5815
3s2.3p.(2P*<3/2>).35d<3/2>,"(3/2,3/2)*",1,65945.16,,,L5815
3s2.3p.(2P*<3/2>).35d<5/2>,"(3/2,5/2)*",3,65945.19,,,L5815
3s2.3p.(2P*<3/2>).36d<5/2>,"(3/2,5/2)*",3,65950.17,,,L5815
3s2.3p.(2P*<3/2>).36d<3/2>,"(3/2,3/2)*",1,65950.26,,,L5815
3s2.3p.(2P*<3/2>).37d<5/2>,"(3/2,5/2)*",3,65954.76,,,L5815
3s2.3p.(2P*<3/2>).37d<3/2>,"(3/2,3/2)*",1,65954.87,,,L5815
3s2.3p.(2P*<3/2>).38d<5/2>,"(3/2,5/2)*",3,65958.8,,,L5815
3s2.3p.(2P*<3/2>).38d<3/2>,"(3/2,3/2)*",1,65959.06,,,L5815
3s2.3p.(2P*<3/2>).39d<5/2>,"(3/2,5/2)*",3,65962.63,,,L5815
3s2.3p.(2P*<3/2>).39d<3/2>,"(3/2,3/2)*",1,65962.72,,,L5815
3s2.3p.(2P*<3/2>).40d<3/2>,"(3/2,3/2)*",1,65966.17,,,L5815
3s2.3p.(2P*<3/2>).40d<5/2>,"(3/2,5/2)*",3,65966.22,,,L5815
3s2.3p.(2P*<3/2>).41d<5/2>,"(3/2,5/2)*",3,65969.54,,,L5815
3s2.3p.(2P*<3/2>).41d<3/2>,"(3/2,3/2)*",1,65969.58,,,L5815
3s2.3p.(2P*<3/2>).42d<5/2>,"(3/2,5/2)*",3,65972.57,,,L5815
3s2.3p.(2P*<3/2>).42d<3/2>,"(3/2,3/2)*",1,65972.64,,,L5815
3s2.3p.(2P*<3/2>).43d<5/2>,"(3/2,5/2)*",3,65975.36,,,L5815
3s2.3p.(2P*<3/2>).43d<3/2>,"(3/2,3/2)*",1,65975.41,,,L5815
3s2.3p.(2P*<3/2>).44d<5/2>,"(3/2,5/2)*",3,65978.19,,,L5815
3s2.3p.(2P*<3/2>).44d<3/2>,"(3/2,3/2)*",1,65978.19,,,L5815
3s2.3p.(2P*<3/2>).45d<3/2>,"(3/2,3/2)*",1,65980.66,,,L5815
3s2.3p.(2P*<3/2>).45d<5/2>,"(3/2,5/2)*",3,65980.95,,,L5815
3s2.3p.(2P*<3/2>).46d<5/2>,"(3/2,5/2)*",3,65982.98,,,L5815
3s2.3p.(2P*<3/2>).46d<3/2>,"(3/2,3/2)*",1,65983.38,,,L5815
3s2.3p.(2P*<3/2>).47d<5/2>,"(3/2,5/2)*",3,65985.09,,,L5815
3s2.3p.(2P*<3/2>).47d<3/2>,"(3/2,3/2)*",1,65985.23,,,L5815
3s2.3p.(2P*<3/2>).48d<5/2>,"(3/2,5/2)*",3,65987.29,,,L5815
3s2.3p.(2P*<3/2>).48d<3/2>,"(3/2,3/2)*",1,65987.41,,,L5815
3s2.3p.(2P*<3/2>).49d<5/2>,"(3/2,5/2)*",3,65989.29,,,L5815
3s2.3p.(2P*<3/2>).49d<3/2>,"(3/2,3/2)*",1,65989.36,,,L5815
3s2.3p.(2P*<3/2>).50d<5/2>,"(3/2,5/2)*",3,65990.87,,,L5815
3s2.3p.(2P*<3/2>).50d<3/2>,"(3/2,3/2)*",1,65991.07,,,L5815
3s2.3p.(2P*<3/2>).51d<5/2>,"(3/2,5/2)*",3,65992.59,,,L5815
3s2.3p.(2P*<3/2>).52d<5/2>,"(3/2,5/2)*",3,65994.3,,,L5815
3s2.3p.(2P*<3/2>).53d<5/2>,"(3/2,5/2)*",3,65995.81,,,L5815
3s2.3p.(2P*<3/2>).54d<5/2>,"(3/2,5/2)*",3,65997.34,,,L5815
3s2.3p.(2P*<3/2>).55d<5/2>,"(3/2,5/2)*",3,65998.59,,,L5815
3s2.3p.(2P*<3/2>).56d<5/2>,"(3/2,5/2)*",3,66000.05,,,L5815
Si II (3p 2P*<3/2>),Limit,---,66035.0,,,L5815
3s.3p3,3S*,1,79664.0,,100,L5815
3s.3p2.(4P).4s,5P,1,81724.6,,,L5815
3s.3p2.(4P).4s,5P,2,81826.2,,,L5815
3s.3p2.(4P).4s,5P,3,81976.16,,,L5815
3s.3p2.(4P).4p,3D*?,3,92330.0,,,L5815
3s.3p2.(4P).4p,3D*?,2,92330.0,,,L5815
3s.3p2.(4P).4p,3D*?,1,92330.0,,,L5815
3s.3p2.(4P).3d,5P,3,94291.73,,,L5815
3s.3p2.(4P).3d,5P,2,94365.59,,,L5815
3s.3p2.(4P).3d,5P,1,94413.01,,,L5815
3s.3p2.(4P).5p,3D*?,3,100430.0,,,L5815
3s.3p2.(4P).5p,3D*?,2,100430.0,,,L5815
3s.3p2.(4P).5p,3D*?,1,100430.0,,,L5815
